[
  {
    "id": "prob_middle2_ineq_001",
    "subject": "수학",
    "grade": 2,
    "topic": "일차부등식",
    "questionText": "일차부등식 3x - 7 > 2x + 5를 풀고, 해를 구하시오.",
    "questionImageUrl": null,
    "correctAnswer": "x > 12",
    "distractors": [
      {
        "value": "x < 12",
        "rootCauseId": "concept_inequality_property",
        "explanation": "부등호 방향을 잘못 판단했습니다"
      },
      {
        "value": "x > 2",
        "rootCauseId": "concept_linear_equation_basic",
        "explanation": "이항 또는 계산을 잘못했습니다"
      },
      {
        "value": "x = 12",
        "rootCauseId": "concept_inequality_property",
        "explanation": "부등식을 방정식으로 착각했습니다"
      }
    ],
    "difficulty": 3,
    "createdAt": "2025-11-19T10:00:00.000Z"
  },
  {
    "id": "prob_middle2_ineq_002",
    "subject": "수학",
    "grade": 2,
    "topic": "일차부등식",
    "questionText": "일차부등식 -2x + 6 ≤ 4x - 12를 풀고, 해를 구하시오.",
    "questionImageUrl": null,
    "correctAnswer": "x ≥ 3",
    "distractors": [
      {
        "value": "x ≤ 3",
        "rootCauseId": "concept_inequality_property",
        "explanation": "음수로 나눌 때 부등호 방향을 바꾸지 않았습니다"
      },
      {
        "value": "x ≥ -3",
        "rootCauseId": "concept_linear_equation_basic",
        "explanation": "계산을 잘못했습니다"
      },
      {
        "value": "x = 3",
        "rootCauseId": "concept_inequality_property",
        "explanation": "부등식을 방정식으로 착각했습니다"
      }
    ],
    "difficulty": 3,
    "createdAt": "2025-11-19T10:00:00.000Z"
  },
  {
    "id": "prob_middle2_ineq_003",
    "subject": "수학",
    "grade": 2,
    "topic": "일차부등식",
    "questionText": "일차부등식 5 - 2x < 3x + 15를 풀고, 해를 구하시오.",
    "questionImageUrl": null,
    "correctAnswer": "x > -2",
    "distractors": [
      {
        "value": "x < -2",
        "rootCauseId": "concept_inequality_property",
        "explanation": "부등호 방향을 잘못 판단했습니다"
      },
      {
        "value": "x > 2",
        "rootCauseId": "concept_linear_equation_basic",
        "explanation": "부호를 잘못 계산했습니다"
      },
      {
        "value": "x = -2",
        "rootCauseId": "concept_inequality_property",
        "explanation": "부등식을 방정식으로 착각했습니다"
      }
    ],
    "difficulty": 3,
    "createdAt": "2025-11-19T10:00:00.000Z"
  }
]
