[
  {
    "id": "prob_middle2_simul_001",
    "subject": "수학",
    "grade": 2,
    "topic": "연립방정식",
    "questionText": "다음 연립방정식을 풀어 x, y의 값을 구하시오.\nx + 2y = 8\nx - y = 2",
    "questionImageUrl": null,
    "correctAnswer": "x = 4, y = 2",
    "distractors": [
      {
        "value": "x = 2, y = 4",
        "rootCauseId": "concept_substitution",
        "explanation": "x와 y를 바꿔서 계산했습니다"
      },
      {
        "value": "x = 3, y = 1",
        "rootCauseId": "concept_elimination",
        "explanation": "가감법 계산을 잘못했습니다"
      },
      {
        "value": "x = 6, y = 2",
        "rootCauseId": "concept_linear_equation_solving",
        "explanation": "일차방정식 풀이를 잘못했습니다"
      }
    ],
    "difficulty": 3,
    "createdAt": "2025-11-19T10:00:00.000Z"
  },
  {
    "id": "prob_middle2_simul_002",
    "subject": "수학",
    "grade": 2,
    "topic": "연립방정식",
    "questionText": "다음 연립방정식을 풀어 x, y의 값을 구하시오.\n2x + y = 10\nx - y = 2",
    "questionImageUrl": null,
    "correctAnswer": "x = 4, y = 2",
    "distractors": [
      {
        "value": "x = 2, y = 6",
        "rootCauseId": "concept_elimination",
        "explanation": "가감법을 잘못 적용했습니다"
      },
      {
        "value": "x = 3, y = 4",
        "rootCauseId": "concept_substitution",
        "explanation": "대입법 계산을 잘못했습니다"
      },
      {
        "value": "x = 5, y = 0",
        "rootCauseId": "concept_linear_equation_solving",
        "explanation": "일차방정식 풀이를 잘못했습니다"
      }
    ],
    "difficulty": 3,
    "createdAt": "2025-11-19T10:00:00.000Z"
  },
  {
    "id": "prob_middle2_simul_003",
    "subject": "수학",
    "grade": 2,
    "topic": "연립방정식",
    "questionText": "다음 연립방정식을 풀어 x, y의 값을 구하시오.\n3x + 2y = 13\nx + y = 5",
    "questionImageUrl": null,
    "correctAnswer": "x = 3, y = 2",
    "distractors": [
      {
        "value": "x = 2, y = 3",
        "rootCauseId": "concept_substitution",
        "explanation": "대입법을 잘못 적용했습니다"
      },
      {
        "value": "x = 4, y = 1",
        "rootCauseId": "concept_elimination",
        "explanation": "가감법 계산을 잘못했습니다"
      },
      {
        "value": "x = 5, y = 0",
        "rootCauseId": "concept_linear_equation_solving",
        "explanation": "일차방정식 풀이를 잘못했습니다"
      }
    ],
    "difficulty": 3,
    "createdAt": "2025-11-19T10:00:00.000Z"
  }
]
