[
  {
    "id": "prob_math2_integral_001",
    "subject": "수학",
    "grade": "수2",
    "topic": "적분",
    "questionText": "∫₀² (3x² - 2x)dx = ?",
    "questionImageUrl": null,
    "correctAnswer": "4",
    "distractors": [
      {
        "value": "8",
        "rootCauseId": "concept_indefinite_integral",
        "explanation": "정적분 계산을 잘못했습니다"
      },
      {
        "value": "0",
        "rootCauseId": "concept_inverse_operation",
        "explanation": "부정적분을 구하지 못했습니다"
      },
      {
        "value": "2",
        "rootCauseId": "concept_indefinite_integral",
        "explanation": "F(2)-F(0) 계산을 잘못했습니다"
      }
    ],
    "difficulty": 3,
    "createdAt": "2025-11-19T10:00:00.000Z"
  },
  {
    "id": "prob_math2_integral_002",
    "subject": "수학",
    "grade": "수2",
    "topic": "적분",
    "questionText": "∫₁³ (x² + 1)dx = ?",
    "questionImageUrl": null,
    "correctAnswer": "32/3",
    "distractors": [
      {
        "value": "10",
        "rootCauseId": "concept_indefinite_integral",
        "explanation": "적분 공식을 잘못 적용했습니다"
      },
      {
        "value": "8",
        "rootCauseId": "concept_inverse_operation",
        "explanation": "부정적분을 잘못 구했습니다"
      },
      {
        "value": "28/3",
        "rootCauseId": "concept_indefinite_integral",
        "explanation": "계산 실수를 했습니다"
      }
    ],
    "difficulty": 3,
    "createdAt": "2025-11-19T10:00:00.000Z"
  },
  {
    "id": "prob_math2_integral_003",
    "subject": "수학",
    "grade": "수2",
    "topic": "적분",
    "questionText": "곡선 y = x²과 x축, x=0, x=2로 둘러싸인 넓이는?",
    "questionImageUrl": null,
    "correctAnswer": "8/3",
    "distractors": [
      {
        "value": "4",
        "rootCauseId": "concept_indefinite_integral",
        "explanation": "적분 공식을 잘못 적용했습니다"
      },
      {
        "value": "8",
        "rootCauseId": "concept_inverse_operation",
        "explanation": "부정적분과 정적분을 혼동했습니다"
      },
      {
        "value": "2",
        "rootCauseId": "concept_indefinite_integral",
        "explanation": "넓이 공식을 잘못 이해했습니다"
      }
    ],
    "difficulty": 3,
    "createdAt": "2025-11-19T10:00:00.000Z"
  }
]
