[
  {
    "id": "prob_math2_limit_001",
    "subject": "수학",
    "grade": "수2",
    "topic": "함수의 극한",
    "questionText": "lim(x→1) (x²-1)/(x-1) = ?",
    "questionImageUrl": null,
    "correctAnswer": "2",
    "distractors": [
      {
        "value": "0",
        "rootCauseId": "concept_limit_property",
        "explanation": "0/0 꼴을 그대로 답으로 썼습니다"
      },
      {
        "value": "1",
        "rootCauseId": "concept_function_value",
        "explanation": "인수분해를 하지 않고 직접 대입했습니다"
      },
      {
        "value": "∞",
        "rootCauseId": "concept_limit_property",
        "explanation": "분모가 0이면 무한대라고 생각했습니다"
      }
    ],
    "difficulty": 3,
    "createdAt": "2025-11-19T10:00:00.000Z"
  },
  {
    "id": "prob_math2_limit_002",
    "subject": "수학",
    "grade": "수2",
    "topic": "함수의 극한",
    "questionText": "lim(x→2) (x²-4)/(x-2) = ?",
    "questionImageUrl": null,
    "correctAnswer": "4",
    "distractors": [
      {
        "value": "0",
        "rootCauseId": "concept_limit_property",
        "explanation": "0/0 꼴을 처리하지 못했습니다"
      },
      {
        "value": "2",
        "rootCauseId": "concept_function_value",
        "explanation": "계산 실수를 했습니다"
      },
      {
        "value": "∞",
        "rootCauseId": "concept_limit_property",
        "explanation": "부정형을 잘못 판단했습니다"
      }
    ],
    "difficulty": 3,
    "createdAt": "2025-11-19T10:00:00.000Z"
  },
  {
    "id": "prob_math2_limit_003",
    "subject": "수학",
    "grade": "수2",
    "topic": "함수의 극한",
    "questionText": "lim(x→3) (x²-9)/(x-3) = ?",
    "questionImageUrl": null,
    "correctAnswer": "6",
    "distractors": [
      {
        "value": "0",
        "rootCauseId": "concept_limit_property",
        "explanation": "부정형을 처리하지 못했습니다"
      },
      {
        "value": "3",
        "rootCauseId": "concept_function_value",
        "explanation": "인수분해 후 계산을 잘못했습니다"
      },
      {
        "value": "9",
        "rootCauseId": "concept_limit_property",
        "explanation": "x²-9를 인수분해하지 않고 x=3만 대입했습니다"
      }
    ],
    "difficulty": 3,
    "createdAt": "2025-11-19T10:00:00.000Z"
  }
]
