[{"id":"prob_high1_rational_001","subject":"수학","grade":"고1","topic":"유리함수와 무리함수","questionText":"유리함수 y = 3/(x-2) + 1의 점근선을 구하시오.","questionImageUrl":null,"correctAnswer":"x=2, y=1","distractors":[{"value":"x=3, y=1","rootCauseId":"concept_rational_expr","explanation":"분자의 계수를 점근선으로 착각했습니다"},{"value":"x=2, y=3","rootCauseId":"concept_asymptote","explanation":"y 점근선을 잘못 구했습니다"},{"value":"x=-2, y=-1","rootCauseId":"concept_inverse_proportion","explanation":"부호를 반대로 이해했습니다"}],"difficulty":3,"createdAt":"2025-11-19T10:00:00.000Z"},{"id":"prob_high1_rational_002","subject":"수학","grade":"고1","topic":"유리함수와 무리함수","questionText":"유리함수 y = -2/(x+1) - 3의 점근선을 구하시오.","questionImageUrl":null,"correctAnswer":"x=-1, y=-3","distractors":[{"value":"x=1, y=3","rootCauseId":"concept_inverse_proportion","explanation":"부호를 반대로 이해했습니다"},{"value":"x=-2, y=-3","rootCauseId":"concept_rational_expr","explanation":"x 점근선을 잘못 구했습니다"},{"value":"x=-1, y=-2","rootCauseId":"concept_asymptote","explanation":"y 점근선을 잘못 구했습니다"}],"difficulty":3,"createdAt":"2025-11-19T10:00:00.000Z"},{"id":"prob_high1_rational_003","subject":"수학","grade":"고1","topic":"유리함수와 무리함수","questionText":"유리함수 y = 4/(x-3) + 2의 그래프가 지나지 않는 직선을 모두 고르시오.","questionImageUrl":null,"correctAnswer":"x=3, y=2","distractors":[{"value":"x=4, y=2","rootCauseId":"concept_rational_expr","explanation":"x 점근선을 잘못 구했습니다"},{"value":"x=3, y=4","rootCauseId":"concept_asymptote","explanation":"y 점근선을 잘못 구했습니다"},{"value":"x=-3, y=-2","rootCauseId":"concept_inverse_proportion","explanation":"부호를 반대로 이해했습니다"}],"difficulty":3,"createdAt":"2025-11-19T10:00:00.000Z"}]