[
  {
    "id": "math-g1-001",
    "subject": "수학",
    "grade": 1,
    "topic": "정수와 유리수",
    "questionText": "(-3) + (+5) = ?",
    "correctAnswer": "2",
    "distractors": [
      {
        "value": "-2",
        "rootCauseId": "math-sign-error",
        "explanation": "부호를 잘못 계산"
      },
      {
        "value": "8",
        "rootCauseId": "math-arithmetic-error",
        "explanation": "절댓값만 더함"
      },
      {
        "value": "-8",
        "rootCauseId": "math-concept-misunderstanding",
        "explanation": "부호 개념 혼동"
      }
    ],
    "difficulty": 2,
    "createdAt": "2025-01-17T00:00:00Z"
  },
  {
    "id": "math-g1-002",
    "subject": "수학",
    "grade": 1,
    "topic": "정수와 유리수",
    "questionText": "(-2) × (-3) = ?",
    "correctAnswer": "6",
    "distractors": [
      {
        "value": "-6",
        "rootCauseId": "math-sign-error",
        "explanation": "음수×음수=양수를 모름"
      },
      {
        "value": "5",
        "rootCauseId": "math-arithmetic-error",
        "explanation": "곱셈 계산 실수"
      },
      {
        "value": "-5",
        "rootCauseId": "math-concept-misunderstanding",
        "explanation": "부호와 연산 혼동"
      }
    ],
    "difficulty": 2,
    "createdAt": "2025-01-17T00:00:00Z"
  },
  {
    "id": "math-g1-003",
    "subject": "수학",
    "grade": 1,
    "topic": "문자와 식",
    "questionText": "x = 3일 때, 2x + 5의 값은?",
    "correctAnswer": "11",
    "distractors": [
      {
        "value": "10",
        "rootCauseId": "math-arithmetic-error",
        "explanation": "곱셈 먼저 계산 안함"
      },
      {
        "value": "16",
        "rootCauseId": "math-concept-misunderstanding",
        "explanation": "x를 5로 잘못 계산"
      },
      {
        "value": "8",
        "rootCauseId": "math-substitution-error",
        "explanation": "대입 과정 오류"
      }
    ],
    "difficulty": 2,
    "createdAt": "2025-01-17T00:00:00Z"
  },
  {
    "id": "math-g1-004",
    "subject": "수학",
    "grade": 1,
    "topic": "문자와 식",
    "questionText": "3a - 2a를 간단히 하면?",
    "correctAnswer": "a",
    "distractors": [
      {
        "value": "1",
        "rootCauseId": "math-concept-misunderstanding",
        "explanation": "문자를 지움"
      },
      {
        "value": "5a",
        "rootCauseId": "math-arithmetic-error",
        "explanation": "빼기를 더하기로 착각"
      },
      {
        "value": "6a",
        "rootCauseId": "math-operation-error",
        "explanation": "곱하기로 착각"
      }
    ],
    "difficulty": 2,
    "createdAt": "2025-01-17T00:00:00Z"
  },
  {
    "id": "math-g1-005",
    "subject": "수학",
    "grade": 1,
    "topic": "일차방정식",
    "questionText": "방정식 2x + 3 = 7의 해는?",
    "correctAnswer": "x = 2",
    "distractors": [
      {
        "value": "x = 4",
        "rootCauseId": "math-equation-solving",
        "explanation": "이항 과정에서 부호 실수"
      },
      {
        "value": "x = 5",
        "rootCauseId": "math-arithmetic-error",
        "explanation": "계산 실수"
      },
      {
        "value": "x = 10",
        "rootCauseId": "math-concept-misunderstanding",
        "explanation": "양변에 2를 곱함"
      }
    ],
    "difficulty": 2,
    "createdAt": "2025-01-17T00:00:00Z"
  },
  {
    "id": "math-g1-006",
    "subject": "수학",
    "grade": 1,
    "topic": "일차방정식",
    "questionText": "방정식 x - 5 = 2x + 1의 해는?",
    "correctAnswer": "x = -6",
    "distractors": [
      {
        "value": "x = 6",
        "rootCauseId": "math-sign-error",
        "explanation": "부호 실수"
      },
      {
        "value": "x = -4",
        "rootCauseId": "math-arithmetic-error",
        "explanation": "계산 실수"
      },
      {
        "value": "x = 4",
        "rootCauseId": "math-equation-solving",
        "explanation": "이항 시 부호 변환 실수"
      }
    ],
    "difficulty": 3,
    "createdAt": "2025-01-17T00:00:00Z"
  },
  {
    "id": "math-g1-007",
    "subject": "수학",
    "grade": 1,
    "topic": "좌표평면",
    "questionText": "점 A(2, 3)은 제 몇 사분면에 있는가?",
    "correctAnswer": "제1사분면",
    "distractors": [
      {
        "value": "제2사분면",
        "rootCauseId": "math-coordinate-concept",
        "explanation": "사분면 개념 혼동"
      },
      {
        "value": "제3사분면",
        "rootCauseId": "math-concept-misunderstanding",
        "explanation": "좌표 읽기 오류"
      },
      {
        "value": "제4사분면",
        "rootCauseId": "math-coordinate-error",
        "explanation": "x, y 좌표 혼동"
      }
    ],
    "difficulty": 2,
    "createdAt": "2025-01-17T00:00:00Z"
  },
  {
    "id": "math-g1-008",
    "subject": "수학",
    "grade": 1,
    "topic": "좌표평면",
    "questionText": "두 점 A(1, 2), B(4, 2)사이의 거리는?",
    "correctAnswer": "3",
    "distractors": [
      {
        "value": "2",
        "rootCauseId": "math-arithmetic-error",
        "explanation": "계산 실수"
      },
      {
        "value": "5",
        "rootCauseId": "math-distance-formula",
        "explanation": "거리 공식 잘못 적용"
      },
      {
        "value": "6",
        "rootCauseId": "math-concept-misunderstanding",
        "explanation": "좌표를 더함"
      }
    ],
    "difficulty": 2,
    "createdAt": "2025-01-17T00:00:00Z"
  },
  {
    "id": "math-g1-009",
    "subject": "수학",
    "grade": 1,
    "topic": "정수와 유리수",
    "questionText": "1/2 + 1/3 = ?",
    "correctAnswer": "5/6",
    "distractors": [
      {
        "value": "2/5",
        "rootCauseId": "math-fraction-addition",
        "explanation": "분모를 더함"
      },
      {
        "value": "1/6",
        "rootCauseId": "math-arithmetic-error",
        "explanation": "통분 오류"
      },
      {
        "value": "3/6",
        "rootCauseId": "math-concept-misunderstanding",
        "explanation": "분수 덧셈 개념 부족"
      }
    ],
    "difficulty": 2,
    "createdAt": "2025-01-17T00:00:00Z"
  },
  {
    "id": "math-g1-010",
    "subject": "수학",
    "grade": 1,
    "topic": "문자와 식",
    "questionText": "2(x + 3)을 전개하면?",
    "correctAnswer": "2x + 6",
    "distractors": [
      {
        "value": "2x + 3",
        "rootCauseId": "math-distributive-law",
        "explanation": "분배법칙 미적용"
      },
      {
        "value": "x + 6",
        "rootCauseId": "math-concept-misunderstanding",
        "explanation": "2를 한 번만 곱함"
      },
      {
        "value": "2x + 5",
        "rootCauseId": "math-arithmetic-error",
        "explanation": "계산 실수"
      }
    ],
    "difficulty": 2,
    "createdAt": "2025-01-17T00:00:00Z"
  },
  {
    "id": "math-g1-011",
    "subject": "수학",
    "grade": 1,
    "topic": "일차방정식",
    "questionText": "3(x - 2) = 9의 해는?",
    "correctAnswer": "x = 5",
    "distractors": [
      {
        "value": "x = 3",
        "rootCauseId": "math-distributive-law",
        "explanation": "전개 오류"
      },
      {
        "value": "x = 1",
        "rootCauseId": "math-equation-solving",
        "explanation": "이항 오류"
      },
      {
        "value": "x = 7",
        "rootCauseId": "math-arithmetic-error",
        "explanation": "계산 실수"
      }
    ],
    "difficulty": 3,
    "createdAt": "2025-01-17T00:00:00Z"
  },
  {
    "id": "math-g1-012",
    "subject": "수학",
    "grade": 1,
    "topic": "정수와 유리수",
    "questionText": "(-4) - (-2) = ?",
    "correctAnswer": "-2",
    "distractors": [
      {
        "value": "-6",
        "rootCauseId": "math-sign-error",
        "explanation": "부호 처리 오류"
      },
      {
        "value": "2",
        "rootCauseId": "math-concept-misunderstanding",
        "explanation": "부호 혼동"
      },
      {
        "value": "6",
        "rootCauseId": "math-arithmetic-error",
        "explanation": "절댓값 더함"
      }
    ],
    "difficulty": 2,
    "createdAt": "2025-01-17T00:00:00Z"
  },
  {
    "id": "math-g1-013",
    "subject": "수학",
    "grade": 1,
    "topic": "문자와 식",
    "questionText": "x = -2일 때, -3x의 값은?",
    "correctAnswer": "6",
    "distractors": [
      {
        "value": "-6",
        "rootCauseId": "math-sign-error",
        "explanation": "부호 계산 오류"
      },
      {
        "value": "5",
        "rootCauseId": "math-arithmetic-error",
        "explanation": "계산 실수"
      },
      {
        "value": "-5",
        "rootCauseId": "math-substitution-error",
        "explanation": "대입 오류"
      }
    ],
    "difficulty": 2,
    "createdAt": "2025-01-17T00:00:00Z"
  },
  {
    "id": "math-g1-014",
    "subject": "수학",
    "grade": 1,
    "topic": "일차방정식",
    "questionText": "5x = 20의 해는?",
    "correctAnswer": "x = 4",
    "distractors": [
      {
        "value": "x = 5",
        "rootCauseId": "math-arithmetic-error",
        "explanation": "계산 실수"
      },
      {
        "value": "x = 15",
        "rootCauseId": "math-operation-error",
        "explanation": "빼기로 착각"
      },
      {
        "value": "x = 100",
        "rootCauseId": "math-concept-misunderstanding",
        "explanation": "곱하기로 착각"
      }
    ],
    "difficulty": 1,
    "createdAt": "2025-01-17T00:00:00Z"
  },
  {
    "id": "math-g1-015",
    "subject": "수학",
    "grade": 1,
    "topic": "좌표평면",
    "questionText": "점 (-3, -5)는 제 몇 사분면에 있는가?",
    "correctAnswer": "제3사분면",
    "distractors": [
      {
        "value": "제1사분면",
        "rootCauseId": "math-coordinate-concept",
        "explanation": "사분면 혼동"
      },
      {
        "value": "제2사분면",
        "rootCauseId": "math-sign-error",
        "explanation": "부호 무시"
      },
      {
        "value": "제4사분면",
        "rootCauseId": "math-concept-misunderstanding",
        "explanation": "좌표 개념 부족"
      }
    ],
    "difficulty": 2,
    "createdAt": "2025-01-17T00:00:00Z"
  },
  {
    "id": "math-g2-001",
    "subject": "수학",
    "grade": 2,
    "topic": "유리수와 순환소수",
    "questionText": "0.333... 을 분수로 나타내면?",
    "correctAnswer": "1/3",
    "distractors": [
      {
        "value": "3/10",
        "rootCauseId": "math-concept-misunderstanding",
        "explanation": "순환소수 개념 부족"
      },
      {
        "value": "1/9",
        "rootCauseId": "math-decimal-fraction",
        "explanation": "분수 변환 오류"
      },
      {
        "value": "3/9",
        "rootCauseId": "math-arithmetic-error",
        "explanation": "약분 누락"
      }
    ],
    "difficulty": 3,
    "createdAt": "2025-01-17T00:00:00Z"
  },
  {
    "id": "math-g2-002",
    "subject": "수학",
    "grade": 2,
    "topic": "식의 계산",
    "questionText": "(2x + 3)(x - 1)을 전개하면?",
    "correctAnswer": "2x² + x - 3",
    "distractors": [
      {
        "value": "2x² - 3",
        "rootCauseId": "math-distributive-law",
        "explanation": "중간항 누락"
      },
      {
        "value": "2x² + 5x - 3",
        "rootCauseId": "math-arithmetic-error",
        "explanation": "계수 계산 오류"
      },
      {
        "value": "2x² - x - 3",
        "rootCauseId": "math-sign-error",
        "explanation": "부호 오류"
      }
    ],
    "difficulty": 3,
    "createdAt": "2025-01-17T00:00:00Z"
  },
  {
    "id": "math-g2-003",
    "subject": "수학",
    "grade": 2,
    "topic": "식의 계산",
    "questionText": "x² - 4를 인수분해하면?",
    "correctAnswer": "(x + 2)(x - 2)",
    "distractors": [
      {
        "value": "(x - 2)²",
        "rootCauseId": "math-factoring-error",
        "explanation": "인수분해 공식 혼동"
      },
      {
        "value": "(x + 4)(x - 1)",
        "rootCauseId": "math-concept-misunderstanding",
        "explanation": "인수분해 방법 오류"
      },
      {
        "value": "x(x - 4)",
        "rootCauseId": "math-formula-application",
        "explanation": "공식 미적용"
      }
    ],
    "difficulty": 3,
    "createdAt": "2025-01-17T00:00:00Z"
  },
  {
    "id": "math-g2-004",
    "subject": "수학",
    "grade": 2,
    "topic": "일차함수",
    "questionText": "일차함수 y = 2x + 1의 기울기는?",
    "correctAnswer": "2",
    "distractors": [
      {
        "value": "1",
        "rootCauseId": "math-function-concept",
        "explanation": "y절편과 혼동"
      },
      {
        "value": "3",
        "rootCauseId": "math-arithmetic-error",
        "explanation": "계수 더함"
      },
      {
        "value": "-2",
        "rootCauseId": "math-sign-error",
        "explanation": "부호 오류"
      }
    ],
    "difficulty": 2,
    "createdAt": "2025-01-17T00:00:00Z"
  },
  {
    "id": "math-g2-005",
    "subject": "수학",
    "grade": 2,
    "topic": "일차함수",
    "questionText": "일차함수 y = -x + 3의 y절편은?",
    "correctAnswer": "3",
    "distractors": [
      {
        "value": "-1",
        "rootCauseId": "math-function-concept",
        "explanation": "기울기와 혼동"
      },
      {
        "value": "1",
        "rootCauseId": "math-concept-misunderstanding",
        "explanation": "절편 개념 부족"
      },
      {
        "value": "-3",
        "rootCauseId": "math-sign-error",
        "explanation": "부호 오류"
      }
    ],
    "difficulty": 2,
    "createdAt": "2025-01-17T00:00:00Z"
  },
  {
    "id": "math-g2-006",
    "subject": "수학",
    "grade": 2,
    "topic": "확률",
    "questionText": "주사위를 한 번 던질 때 짝수가 나올 확률은?",
    "correctAnswer": "1/2",
    "distractors": [
      {
        "value": "1/3",
        "rootCauseId": "math-probability-calculation",
        "explanation": "경우의 수 잘못 셈"
      },
      {
        "value": "2/6",
        "rootCauseId": "math-fraction-simplification",
        "explanation": "약분 안함"
      },
      {
        "value": "3/6",
        "rootCauseId": "math-concept-misunderstanding",
        "explanation": "확률 계산 오류"
      }
    ],
    "difficulty": 2,
    "createdAt": "2025-01-17T00:00:00Z"
  },
  {
    "id": "math-g2-007",
    "subject": "수학",
    "grade": 2,
    "topic": "식의 계산",
    "questionText": "(x + 3)²을 전개하면?",
    "correctAnswer": "x² + 6x + 9",
    "distractors": [
      {
        "value": "x² + 9",
        "rootCauseId": "math-formula-application",
        "explanation": "중간항 누락"
      },
      {
        "value": "x² + 3x + 9",
        "rootCauseId": "math-arithmetic-error",
        "explanation": "계수 계산 오류"
      },
      {
        "value": "x² + 6x + 6",
        "rootCauseId": "math-concept-misunderstanding",
        "explanation": "완전제곱 공식 오해"
      }
    ],
    "difficulty": 3,
    "createdAt": "2025-01-17T00:00:00Z"
  },
  {
    "id": "math-g2-008",
    "subject": "수학",
    "grade": 2,
    "topic": "일차함수",
    "questionText": "두 점 (0, 2), (1, 5)를 지나는 직선의 기울기는?",
    "correctAnswer": "3",
    "distractors": [
      {
        "value": "2",
        "rootCauseId": "math-slope-formula",
        "explanation": "기울기 공식 오류"
      },
      {
        "value": "5",
        "rootCauseId": "math-arithmetic-error",
        "explanation": "계산 실수"
      },
      {
        "value": "1/3",
        "rootCauseId": "math-concept-misunderstanding",
        "explanation": "분수 전도"
      }
    ],
    "difficulty": 3,
    "createdAt": "2025-01-17T00:00:00Z"
  },
  {
    "id": "math-g2-009",
    "subject": "수학",
    "grade": 2,
    "topic": "유리수와 순환소수",
    "questionText": "2.777... 을 분수로 나타내면?",
    "correctAnswer": "25/9",
    "distractors": [
      {
        "value": "7/3",
        "rootCauseId": "math-decimal-fraction",
        "explanation": "변환 과정 오류"
      },
      {
        "value": "27/10",
        "rootCauseId": "math-concept-misunderstanding",
        "explanation": "순환소수 이해 부족"
      },
      {
        "value": "28/9",
        "rootCauseId": "math-arithmetic-error",
        "explanation": "계산 실수"
      }
    ],
    "difficulty": 3,
    "createdAt": "2025-01-17T00:00:00Z"
  },
  {
    "id": "math-g2-010",
    "subject": "수학",
    "grade": 2,
    "topic": "식의 계산",
    "questionText": "x² - 6x + 9를 인수분해하면?",
    "correctAnswer": "(x - 3)²",
    "distractors": [
      {
        "value": "(x - 9)(x + 1)",
        "rootCauseId": "math-factoring-error",
        "explanation": "인수분해 방법 오류"
      },
      {
        "value": "(x + 3)²",
        "rootCauseId": "math-sign-error",
        "explanation": "부호 오류"
      },
      {
        "value": "(x - 3)(x - 3)",
        "rootCauseId": "math-notation-error",
        "explanation": "표기 오류 (정답과 동일)"
      }
    ],
    "difficulty": 3,
    "createdAt": "2025-01-17T00:00:00Z"
  },
  {
    "id": "math-g2-011",
    "subject": "수학",
    "grade": 2,
    "topic": "확률",
    "questionText": "동전 2개를 던질 때 모두 앞면이 나올 확률은?",
    "correctAnswer": "1/4",
    "distractors": [
      {
        "value": "1/2",
        "rootCauseId": "math-probability-calculation",
        "explanation": "경우의 수 잘못 계산"
      },
      {
        "value": "2/4",
        "rootCauseId": "math-concept-misunderstanding",
        "explanation": "확률 개념 혼동"
      },
      {
        "value": "1/3",
        "rootCauseId": "math-arithmetic-error",
        "explanation": "계산 오류"
      }
    ],
    "difficulty": 2,
    "createdAt": "2025-01-17T00:00:00Z"
  },
  {
    "id": "math-g2-012",
    "subject": "수학",
    "grade": 2,
    "topic": "일차함수",
    "questionText": "직선 y = 3x - 2와 평행한 직선의 기울기는?",
    "correctAnswer": "3",
    "distractors": [
      {
        "value": "-2",
        "rootCauseId": "math-parallel-concept",
        "explanation": "평행 조건 모름"
      },
      {
        "value": "-1/3",
        "rootCauseId": "math-concept-misunderstanding",
        "explanation": "수직 조건과 혼동"
      },
      {
        "value": "2",
        "rootCauseId": "math-arithmetic-error",
        "explanation": "y절편과 혼동"
      }
    ],
    "difficulty": 3,
    "createdAt": "2025-01-17T00:00:00Z"
  },
  {
    "id": "math-g2-013",
    "subject": "수학",
    "grade": 2,
    "topic": "식의 계산",
    "questionText": "3x² - 12를 인수분해하면?",
    "correctAnswer": "3(x + 2)(x - 2)",
    "distractors": [
      {
        "value": "(3x + 6)(x - 2)",
        "rootCauseId": "math-factoring-error",
        "explanation": "공통인수 미추출"
      },
      {
        "value": "3(x - 2)²",
        "rootCauseId": "math-formula-application",
        "explanation": "공식 잘못 적용"
      },
      {
        "value": "(x + 2)(x - 2)",
        "rootCauseId": "math-concept-misunderstanding",
        "explanation": "계수 3 누락"
      }
    ],
    "difficulty": 3,
    "createdAt": "2025-01-17T00:00:00Z"
  },
  {
    "id": "math-g2-014",
    "subject": "수학",
    "grade": 2,
    "topic": "확률",
    "questionText": "1부터 10까지 자연수 중 3의 배수가 나올 확률은?",
    "correctAnswer": "3/10",
    "distractors": [
      {
        "value": "1/3",
        "rootCauseId": "math-probability-calculation",
        "explanation": "전체 개수 잘못 계산"
      },
      {
        "value": "1/10",
        "rootCauseId": "math-counting-error",
        "explanation": "배수 개수 오류"
      },
      {
        "value": "2/10",
        "rootCauseId": "math-arithmetic-error",
        "explanation": "경우의 수 오류"
      }
    ],
    "difficulty": 2,
    "createdAt": "2025-01-17T00:00:00Z"
  },
  {
    "id": "math-g2-015",
    "subject": "수학",
    "grade": 2,
    "topic": "일차함수",
    "questionText": "점 (2, 5)를 지나고 기울기가 2인 직선의 방정식은?",
    "correctAnswer": "y = 2x + 1",
    "distractors": [
      {
        "value": "y = 2x + 5",
        "rootCauseId": "math-function-equation",
        "explanation": "y절편 계산 오류"
      },
      {
        "value": "y = 2x - 1",
        "rootCauseId": "math-sign-error",
        "explanation": "부호 오류"
      },
      {
        "value": "y = 2x + 2",
        "rootCauseId": "math-arithmetic-error",
        "explanation": "계산 실수"
      }
    ],
    "difficulty": 3,
    "createdAt": "2025-01-17T00:00:00Z"
  },
  {
    "id": "math-g3-001",
    "subject": "수학",
    "grade": 3,
    "topic": "제곱근",
    "questionText": "√16 = ?",
    "correctAnswer": "4",
    "distractors": [
      {
        "value": "8",
        "rootCauseId": "math-sqrt-concept",
        "explanation": "제곱근 개념 부족"
      },
      {
        "value": "2",
        "rootCauseId": "math-arithmetic-error",
        "explanation": "계산 실수"
      },
      {
        "value": "±4",
        "rootCauseId": "math-concept-misunderstanding",
        "explanation": "근호는 양수만"
      }
    ],
    "difficulty": 2,
    "createdAt": "2025-01-17T00:00:00Z"
  },
  {
    "id": "math-g3-002",
    "subject": "수학",
    "grade": 3,
    "topic": "제곱근",
    "questionText": "√2 × √8 = ?",
    "correctAnswer": "4",
    "distractors": [
      {
        "value": "√16",
        "rootCauseId": "math-sqrt-simplification",
        "explanation": "간소화 안함"
      },
      {
        "value": "2",
        "rootCauseId": "math-arithmetic-error",
        "explanation": "곱셈 오류"
      },
      {
        "value": "√10",
        "rootCauseId": "math-concept-misunderstanding",
        "explanation": "근호 계산 오류"
      }
    ],
    "difficulty": 3,
    "createdAt": "2025-01-17T00:00:00Z"
  },
  {
    "id": "math-g3-003",
    "subject": "수학",
    "grade": 3,
    "topic": "인수분해",
    "questionText": "x² + 5x + 6을 인수분해하면?",
    "correctAnswer": "(x + 2)(x + 3)",
    "distractors": [
      {
        "value": "(x + 1)(x + 6)",
        "rootCauseId": "math-factoring-error",
        "explanation": "인수 찾기 오류"
      },
      {
        "value": "(x - 2)(x - 3)",
        "rootCauseId": "math-sign-error",
        "explanation": "부호 오류"
      },
      {
        "value": "(x + 5)(x + 1)",
        "rootCauseId": "math-concept-misunderstanding",
        "explanation": "계수 분해 오류"
      }
    ],
    "difficulty": 3,
    "createdAt": "2025-01-17T00:00:00Z"
  },
  {
    "id": "math-g3-004",
    "subject": "수학",
    "grade": 3,
    "topic": "인수분해",
    "questionText": "x² - 7x + 12를 인수분해하면?",
    "correctAnswer": "(x - 3)(x - 4)",
    "distractors": [
      {
        "value": "(x + 3)(x + 4)",
        "rootCauseId": "math-sign-error",
        "explanation": "부호 오류"
      },
      {
        "value": "(x - 2)(x - 6)",
        "rootCauseId": "math-factoring-error",
        "explanation": "인수 찾기 실수"
      },
      {
        "value": "(x - 1)(x - 12)",
        "rootCauseId": "math-arithmetic-error",
        "explanation": "계수 분해 오류"
      }
    ],
    "difficulty": 3,
    "createdAt": "2025-01-17T00:00:00Z"
  },
  {
    "id": "math-g3-005",
    "subject": "수학",
    "grade": 3,
    "topic": "이차방정식",
    "questionText": "방정식 x² - 5x + 6 = 0의 해는?",
    "correctAnswer": "x = 2 또는 x = 3",
    "distractors": [
      {
        "value": "x = -2 또는 x = -3",
        "rootCauseId": "math-sign-error",
        "explanation": "부호 오류"
      },
      {
        "value": "x = 1 또는 x = 6",
        "rootCauseId": "math-factoring-error",
        "explanation": "인수분해 오류"
      },
      {
        "value": "x = 5 또는 x = 6",
        "rootCauseId": "math-equation-solving",
        "explanation": "방정식 풀이 오류"
      }
    ],
    "difficulty": 3,
    "createdAt": "2025-01-17T00:00:00Z"
  },
  {
    "id": "math-g3-006",
    "subject": "수학",
    "grade": 3,
    "topic": "이차방정식",
    "questionText": "방정식 x² = 9의 해는?",
    "correctAnswer": "x = ±3",
    "distractors": [
      {
        "value": "x = 3",
        "rootCauseId": "math-equation-solving",
        "explanation": "음수 해 누락"
      },
      {
        "value": "x = 9",
        "rootCauseId": "math-sqrt-concept",
        "explanation": "제곱근 미적용"
      },
      {
        "value": "x = ±9",
        "rootCauseId": "math-arithmetic-error",
        "explanation": "제곱근 계산 오류"
      }
    ],
    "difficulty": 2,
    "createdAt": "2025-01-17T00:00:00Z"
  },
  {
    "id": "math-g3-007",
    "subject": "수학",
    "grade": 3,
    "topic": "이차함수",
    "questionText": "이차함수 y = x²의 꼭짓점은?",
    "correctAnswer": "(0, 0)",
    "distractors": [
      {
        "value": "(1, 1)",
        "rootCauseId": "math-vertex-concept",
        "explanation": "꼭짓점 개념 부족"
      },
      {
        "value": "(0, 1)",
        "rootCauseId": "math-concept-misunderstanding",
        "explanation": "y절편과 혼동"
      },
      {
        "value": "(-1, 1)",
        "rootCauseId": "math-parabola-shape",
        "explanation": "포물선 이해 부족"
      }
    ],
    "difficulty": 2,
    "createdAt": "2025-01-17T00:00:00Z"
  },
  {
    "id": "math-g3-008",
    "subject": "수학",
    "grade": 3,
    "topic": "이차함수",
    "questionText": "이차함수 y = (x - 2)² + 1의 꼭짓점은?",
    "correctAnswer": "(2, 1)",
    "distractors": [
      {
        "value": "(-2, 1)",
        "rootCauseId": "math-sign-error",
        "explanation": "부호 오류"
      },
      {
        "value": "(2, -1)",
        "rootCauseId": "math-vertex-formula",
        "explanation": "꼭짓점 형태 오해"
      },
      {
        "value": "(-2, -1)",
        "rootCauseId": "math-concept-misunderstanding",
        "explanation": "평행이동 방향 혼동"
      }
    ],
    "difficulty": 3,
    "createdAt": "2025-01-17T00:00:00Z"
  },
  {
    "id": "math-g3-009",
    "subject": "수학",
    "grade": 3,
    "topic": "제곱근",
    "questionText": "√18을 간단히 하면?",
    "correctAnswer": "3√2",
    "distractors": [
      {
        "value": "2√9",
        "rootCauseId": "math-sqrt-simplification",
        "explanation": "간소화 오류"
      },
      {
        "value": "9√2",
        "rootCauseId": "math-arithmetic-error",
        "explanation": "계산 실수"
      },
      {
        "value": "√9",
        "rootCauseId": "math-concept-misunderstanding",
        "explanation": "제곱근 분해 오류"
      }
    ],
    "difficulty": 3,
    "createdAt": "2025-01-17T00:00:00Z"
  },
  {
    "id": "math-g3-010",
    "subject": "수학",
    "grade": 3,
    "topic": "인수분해",
    "questionText": "2x² + 7x + 3을 인수분해하면?",
    "correctAnswer": "(2x + 1)(x + 3)",
    "distractors": [
      {
        "value": "(2x + 3)(x + 1)",
        "rootCauseId": "math-factoring-error",
        "explanation": "계수 배치 오류"
      },
      {
        "value": "(x + 1)(x + 3)",
        "rootCauseId": "math-concept-misunderstanding",
        "explanation": "2x² 처리 오류"
      },
      {
        "value": "(2x - 1)(x - 3)",
        "rootCauseId": "math-sign-error",
        "explanation": "부호 오류"
      }
    ],
    "difficulty": 4,
    "createdAt": "2025-01-17T00:00:00Z"
  },
  {
    "id": "math-g3-011",
    "subject": "수학",
    "grade": 3,
    "topic": "이차방정식",
    "questionText": "방정식 x² - 4x + 4 = 0의 해는?",
    "correctAnswer": "x = 2 (중근)",
    "distractors": [
      {
        "value": "x = 2 또는 x = 4",
        "rootCauseId": "math-factoring-error",
        "explanation": "완전제곱 미인지"
      },
      {
        "value": "x = -2",
        "rootCauseId": "math-sign-error",
        "explanation": "부호 오류"
      },
      {
        "value": "x = 4",
        "rootCauseId": "math-equation-solving",
        "explanation": "방정식 풀이 오류"
      }
    ],
    "difficulty": 3,
    "createdAt": "2025-01-17T00:00:00Z"
  },
  {
    "id": "math-g3-012",
    "subject": "수학",
    "grade": 3,
    "topic": "이차함수",
    "questionText": "이차함수 y = -x²의 그래프는?",
    "correctAnswer": "아래로 볼록한 포물선",
    "distractors": [
      {
        "value": "위로 볼록한 포물선",
        "rootCauseId": "math-parabola-direction",
        "explanation": "계수 부호 혼동"
      },
      {
        "value": "직선",
        "rootCauseId": "math-concept-misunderstanding",
        "explanation": "이차함수 개념 부족"
      },
      {
        "value": "원",
        "rootCauseId": "math-graph-shape",
        "explanation": "그래프 형태 오해"
      }
    ],
    "difficulty": 2,
    "createdAt": "2025-01-17T00:00:00Z"
  },
  {
    "id": "math-g3-013",
    "subject": "수학",
    "grade": 3,
    "topic": "제곱근",
    "questionText": "√50 - √2 = ?",
    "correctAnswer": "4√2",
    "distractors": [
      {
        "value": "√48",
        "rootCauseId": "math-sqrt-operation",
        "explanation": "근호 연산 오류"
      },
      {
        "value": "5√2",
        "rootCauseId": "math-arithmetic-error",
        "explanation": "계산 실수"
      },
      {
        "value": "3√2",
        "rootCauseId": "math-sqrt-simplification",
        "explanation": "√50 간소화 오류"
      }
    ],
    "difficulty": 3,
    "createdAt": "2025-01-17T00:00:00Z"
  },
  {
    "id": "math-g3-014",
    "subject": "수학",
    "grade": 3,
    "topic": "이차방정식",
    "questionText": "방정식 x² + 2x - 3 = 0의 해는?",
    "correctAnswer": "x = 1 또는 x = -3",
    "distractors": [
      {
        "value": "x = -1 또는 x = 3",
        "rootCauseId": "math-sign-error",
        "explanation": "부호 오류"
      },
      {
        "value": "x = 1 또는 x = 3",
        "rootCauseId": "math-factoring-error",
        "explanation": "인수분해 오류"
      },
      {
        "value": "x = -1 또는 x = -3",
        "rootCauseId": "math-equation-solving",
        "explanation": "방정식 풀이 실수"
      }
    ],
    "difficulty": 3,
    "createdAt": "2025-01-17T00:00:00Z"
  },
  {
    "id": "math-g3-015",
    "subject": "수학",
    "grade": 3,
    "topic": "이차함수",
    "questionText": "이차함수 y = 2x²의 그래프는 y = x²의 그래프보다?",
    "correctAnswer": "더 뾰족하다",
    "distractors": [
      {
        "value": "더 완만하다",
        "rootCauseId": "math-coefficient-effect",
        "explanation": "계수 효과 혼동"
      },
      {
        "value": "같다",
        "rootCauseId": "math-concept-misunderstanding",
        "explanation": "계수 영향 모름"
      },
      {
        "value": "아래로 볼록하다",
        "rootCauseId": "math-graph-property",
        "explanation": "그래프 성질 혼동"
      }
    ],
    "difficulty": 3,
    "createdAt": "2025-01-17T00:00:00Z"
  },
  {
    "id": "math-g4-001",
    "subject": "수학",
    "grade": 4,
    "topic": "다항식",
    "questionText": "고1 수학 다항식 문제 예시 1",
    "correctAnswer": "정답",
    "distractors": [
      {
        "value": "오답1",
        "rootCauseId": "math-polynomial-operation",
        "explanation": "다항식 연산 오류"
      },
      {
        "value": "오답2",
        "rootCauseId": "math-concept-misunderstanding",
        "explanation": "개념 오해"
      },
      {
        "value": "오답3",
        "rootCauseId": "math-inequality-direction",
        "explanation": "부등호 방향 오류"
      }
    ],
    "difficulty": 4,
    "createdAt": "2025-01-17T00:00:00Z"
  },
  {
    "id": "math-g4-002",
    "subject": "수학",
    "grade": 4,
    "topic": "방정식과 부등식",
    "questionText": "고1 수학 방정식과 부등식 문제 예시 2",
    "correctAnswer": "정답",
    "distractors": [
      {
        "value": "오답1",
        "rootCauseId": "math-polynomial-operation",
        "explanation": "다항식 연산 오류"
      },
      {
        "value": "오답2",
        "rootCauseId": "math-concept-misunderstanding",
        "explanation": "개념 오해"
      },
      {
        "value": "오답3",
        "rootCauseId": "math-inequality-direction",
        "explanation": "부등호 방향 오류"
      }
    ],
    "difficulty": 4,
    "createdAt": "2025-01-17T00:00:00Z"
  },
  {
    "id": "math-g4-003",
    "subject": "수학",
    "grade": 4,
    "topic": "도형의 방정식",
    "questionText": "고1 수학 도형의 방정식 문제 예시 3",
    "correctAnswer": "정답",
    "distractors": [
      {
        "value": "오답1",
        "rootCauseId": "math-polynomial-operation",
        "explanation": "다항식 연산 오류"
      },
      {
        "value": "오답2",
        "rootCauseId": "math-concept-misunderstanding",
        "explanation": "개념 오해"
      },
      {
        "value": "오답3",
        "rootCauseId": "math-inequality-direction",
        "explanation": "부등호 방향 오류"
      }
    ],
    "difficulty": 4,
    "createdAt": "2025-01-17T00:00:00Z"
  },
  {
    "id": "math-g4-004",
    "subject": "수학",
    "grade": 4,
    "topic": "다항식",
    "questionText": "고1 수학 다항식 문제 예시 4",
    "correctAnswer": "정답",
    "distractors": [
      {
        "value": "오답1",
        "rootCauseId": "math-polynomial-operation",
        "explanation": "다항식 연산 오류"
      },
      {
        "value": "오답2",
        "rootCauseId": "math-concept-misunderstanding",
        "explanation": "개념 오해"
      },
      {
        "value": "오답3",
        "rootCauseId": "math-inequality-direction",
        "explanation": "부등호 방향 오류"
      }
    ],
    "difficulty": 4,
    "createdAt": "2025-01-17T00:00:00Z"
  },
  {
    "id": "math-g4-005",
    "subject": "수학",
    "grade": 4,
    "topic": "방정식과 부등식",
    "questionText": "고1 수학 방정식과 부등식 문제 예시 5",
    "correctAnswer": "정답",
    "distractors": [
      {
        "value": "오답1",
        "rootCauseId": "math-polynomial-operation",
        "explanation": "다항식 연산 오류"
      },
      {
        "value": "오답2",
        "rootCauseId": "math-concept-misunderstanding",
        "explanation": "개념 오해"
      },
      {
        "value": "오답3",
        "rootCauseId": "math-inequality-direction",
        "explanation": "부등호 방향 오류"
      }
    ],
    "difficulty": 4,
    "createdAt": "2025-01-17T00:00:00Z"
  },
  {
    "id": "math-g4-006",
    "subject": "수학",
    "grade": 4,
    "topic": "도형의 방정식",
    "questionText": "고1 수학 도형의 방정식 문제 예시 6",
    "correctAnswer": "정답",
    "distractors": [
      {
        "value": "오답1",
        "rootCauseId": "math-polynomial-operation",
        "explanation": "다항식 연산 오류"
      },
      {
        "value": "오답2",
        "rootCauseId": "math-concept-misunderstanding",
        "explanation": "개념 오해"
      },
      {
        "value": "오답3",
        "rootCauseId": "math-inequality-direction",
        "explanation": "부등호 방향 오류"
      }
    ],
    "difficulty": 4,
    "createdAt": "2025-01-17T00:00:00Z"
  },
  {
    "id": "math-g4-007",
    "subject": "수학",
    "grade": 4,
    "topic": "다항식",
    "questionText": "고1 수학 다항식 문제 예시 7",
    "correctAnswer": "정답",
    "distractors": [
      {
        "value": "오답1",
        "rootCauseId": "math-polynomial-operation",
        "explanation": "다항식 연산 오류"
      },
      {
        "value": "오답2",
        "rootCauseId": "math-concept-misunderstanding",
        "explanation": "개념 오해"
      },
      {
        "value": "오답3",
        "rootCauseId": "math-inequality-direction",
        "explanation": "부등호 방향 오류"
      }
    ],
    "difficulty": 4,
    "createdAt": "2025-01-17T00:00:00Z"
  },
  {
    "id": "math-g4-008",
    "subject": "수학",
    "grade": 4,
    "topic": "방정식과 부등식",
    "questionText": "고1 수학 방정식과 부등식 문제 예시 8",
    "correctAnswer": "정답",
    "distractors": [
      {
        "value": "오답1",
        "rootCauseId": "math-polynomial-operation",
        "explanation": "다항식 연산 오류"
      },
      {
        "value": "오답2",
        "rootCauseId": "math-concept-misunderstanding",
        "explanation": "개념 오해"
      },
      {
        "value": "오답3",
        "rootCauseId": "math-inequality-direction",
        "explanation": "부등호 방향 오류"
      }
    ],
    "difficulty": 4,
    "createdAt": "2025-01-17T00:00:00Z"
  },
  {
    "id": "math-g4-009",
    "subject": "수학",
    "grade": 4,
    "topic": "도형의 방정식",
    "questionText": "고1 수학 도형의 방정식 문제 예시 9",
    "correctAnswer": "정답",
    "distractors": [
      {
        "value": "오답1",
        "rootCauseId": "math-polynomial-operation",
        "explanation": "다항식 연산 오류"
      },
      {
        "value": "오답2",
        "rootCauseId": "math-concept-misunderstanding",
        "explanation": "개념 오해"
      },
      {
        "value": "오답3",
        "rootCauseId": "math-inequality-direction",
        "explanation": "부등호 방향 오류"
      }
    ],
    "difficulty": 4,
    "createdAt": "2025-01-17T00:00:00Z"
  },
  {
    "id": "math-g4-010",
    "subject": "수학",
    "grade": 4,
    "topic": "다항식",
    "questionText": "고1 수학 다항식 문제 예시 10",
    "correctAnswer": "정답",
    "distractors": [
      {
        "value": "오답1",
        "rootCauseId": "math-polynomial-operation",
        "explanation": "다항식 연산 오류"
      },
      {
        "value": "오답2",
        "rootCauseId": "math-concept-misunderstanding",
        "explanation": "개념 오해"
      },
      {
        "value": "오답3",
        "rootCauseId": "math-inequality-direction",
        "explanation": "부등호 방향 오류"
      }
    ],
    "difficulty": 4,
    "createdAt": "2025-01-17T00:00:00Z"
  },
  {
    "id": "math-g4-011",
    "subject": "수학",
    "grade": 4,
    "topic": "방정식과 부등식",
    "questionText": "고1 수학 방정식과 부등식 문제 예시 11",
    "correctAnswer": "정답",
    "distractors": [
      {
        "value": "오답1",
        "rootCauseId": "math-polynomial-operation",
        "explanation": "다항식 연산 오류"
      },
      {
        "value": "오답2",
        "rootCauseId": "math-concept-misunderstanding",
        "explanation": "개념 오해"
      },
      {
        "value": "오답3",
        "rootCauseId": "math-inequality-direction",
        "explanation": "부등호 방향 오류"
      }
    ],
    "difficulty": 4,
    "createdAt": "2025-01-17T00:00:00Z"
  },
  {
    "id": "math-g4-012",
    "subject": "수학",
    "grade": 4,
    "topic": "도형의 방정식",
    "questionText": "고1 수학 도형의 방정식 문제 예시 12",
    "correctAnswer": "정답",
    "distractors": [
      {
        "value": "오답1",
        "rootCauseId": "math-polynomial-operation",
        "explanation": "다항식 연산 오류"
      },
      {
        "value": "오답2",
        "rootCauseId": "math-concept-misunderstanding",
        "explanation": "개념 오해"
      },
      {
        "value": "오답3",
        "rootCauseId": "math-inequality-direction",
        "explanation": "부등호 방향 오류"
      }
    ],
    "difficulty": 4,
    "createdAt": "2025-01-17T00:00:00Z"
  },
  {
    "id": "math-g4-013",
    "subject": "수학",
    "grade": 4,
    "topic": "다항식",
    "questionText": "고1 수학 다항식 문제 예시 13",
    "correctAnswer": "정답",
    "distractors": [
      {
        "value": "오답1",
        "rootCauseId": "math-polynomial-operation",
        "explanation": "다항식 연산 오류"
      },
      {
        "value": "오답2",
        "rootCauseId": "math-concept-misunderstanding",
        "explanation": "개념 오해"
      },
      {
        "value": "오답3",
        "rootCauseId": "math-inequality-direction",
        "explanation": "부등호 방향 오류"
      }
    ],
    "difficulty": 4,
    "createdAt": "2025-01-17T00:00:00Z"
  },
  {
    "id": "math-g4-014",
    "subject": "수학",
    "grade": 4,
    "topic": "방정식과 부등식",
    "questionText": "고1 수학 방정식과 부등식 문제 예시 14",
    "correctAnswer": "정답",
    "distractors": [
      {
        "value": "오답1",
        "rootCauseId": "math-polynomial-operation",
        "explanation": "다항식 연산 오류"
      },
      {
        "value": "오답2",
        "rootCauseId": "math-concept-misunderstanding",
        "explanation": "개념 오해"
      },
      {
        "value": "오답3",
        "rootCauseId": "math-inequality-direction",
        "explanation": "부등호 방향 오류"
      }
    ],
    "difficulty": 4,
    "createdAt": "2025-01-17T00:00:00Z"
  },
  {
    "id": "math-g4-015",
    "subject": "수학",
    "grade": 4,
    "topic": "도형의 방정식",
    "questionText": "고1 수학 도형의 방정식 문제 예시 15",
    "correctAnswer": "정답",
    "distractors": [
      {
        "value": "오답1",
        "rootCauseId": "math-polynomial-operation",
        "explanation": "다항식 연산 오류"
      },
      {
        "value": "오답2",
        "rootCauseId": "math-concept-misunderstanding",
        "explanation": "개념 오해"
      },
      {
        "value": "오답3",
        "rootCauseId": "math-inequality-direction",
        "explanation": "부등호 방향 오류"
      }
    ],
    "difficulty": 4,
    "createdAt": "2025-01-17T00:00:00Z"
  },
  {
    "id": "math-g5-001",
    "subject": "수학",
    "grade": 5,
    "topic": "함수의 극한",
    "questionText": "고2 수학 함수의 극한 문제 예시 1",
    "correctAnswer": "정답",
    "distractors": [
      {
        "value": "오답1",
        "rootCauseId": "math-limit-calculation",
        "explanation": "극한 계산 오류"
      },
      {
        "value": "오답2",
        "rootCauseId": "math-derivative-rule",
        "explanation": "미분 공식 오류"
      },
      {
        "value": "오답3",
        "rootCauseId": "math-integral-technique",
        "explanation": "적분 기법 오류"
      }
    ],
    "difficulty": 4,
    "createdAt": "2025-01-17T00:00:00Z"
  },
  {
    "id": "math-g5-002",
    "subject": "수학",
    "grade": 5,
    "topic": "미분",
    "questionText": "고2 수학 미분 문제 예시 2",
    "correctAnswer": "정답",
    "distractors": [
      {
        "value": "오답1",
        "rootCauseId": "math-limit-calculation",
        "explanation": "극한 계산 오류"
      },
      {
        "value": "오답2",
        "rootCauseId": "math-derivative-rule",
        "explanation": "미분 공식 오류"
      },
      {
        "value": "오답3",
        "rootCauseId": "math-integral-technique",
        "explanation": "적분 기법 오류"
      }
    ],
    "difficulty": 4,
    "createdAt": "2025-01-17T00:00:00Z"
  },
  {
    "id": "math-g5-003",
    "subject": "수학",
    "grade": 5,
    "topic": "적분",
    "questionText": "고2 수학 적분 문제 예시 3",
    "correctAnswer": "정답",
    "distractors": [
      {
        "value": "오답1",
        "rootCauseId": "math-limit-calculation",
        "explanation": "극한 계산 오류"
      },
      {
        "value": "오답2",
        "rootCauseId": "math-derivative-rule",
        "explanation": "미분 공식 오류"
      },
      {
        "value": "오답3",
        "rootCauseId": "math-integral-technique",
        "explanation": "적분 기법 오류"
      }
    ],
    "difficulty": 4,
    "createdAt": "2025-01-17T00:00:00Z"
  },
  {
    "id": "math-g5-004",
    "subject": "수학",
    "grade": 5,
    "topic": "함수의 극한",
    "questionText": "고2 수학 함수의 극한 문제 예시 4",
    "correctAnswer": "정답",
    "distractors": [
      {
        "value": "오답1",
        "rootCauseId": "math-limit-calculation",
        "explanation": "극한 계산 오류"
      },
      {
        "value": "오답2",
        "rootCauseId": "math-derivative-rule",
        "explanation": "미분 공식 오류"
      },
      {
        "value": "오답3",
        "rootCauseId": "math-integral-technique",
        "explanation": "적분 기법 오류"
      }
    ],
    "difficulty": 4,
    "createdAt": "2025-01-17T00:00:00Z"
  },
  {
    "id": "math-g5-005",
    "subject": "수학",
    "grade": 5,
    "topic": "미분",
    "questionText": "고2 수학 미분 문제 예시 5",
    "correctAnswer": "정답",
    "distractors": [
      {
        "value": "오답1",
        "rootCauseId": "math-limit-calculation",
        "explanation": "극한 계산 오류"
      },
      {
        "value": "오답2",
        "rootCauseId": "math-derivative-rule",
        "explanation": "미분 공식 오류"
      },
      {
        "value": "오답3",
        "rootCauseId": "math-integral-technique",
        "explanation": "적분 기법 오류"
      }
    ],
    "difficulty": 4,
    "createdAt": "2025-01-17T00:00:00Z"
  },
  {
    "id": "math-g5-006",
    "subject": "수학",
    "grade": 5,
    "topic": "적분",
    "questionText": "고2 수학 적분 문제 예시 6",
    "correctAnswer": "정답",
    "distractors": [
      {
        "value": "오답1",
        "rootCauseId": "math-limit-calculation",
        "explanation": "극한 계산 오류"
      },
      {
        "value": "오답2",
        "rootCauseId": "math-derivative-rule",
        "explanation": "미분 공식 오류"
      },
      {
        "value": "오답3",
        "rootCauseId": "math-integral-technique",
        "explanation": "적분 기법 오류"
      }
    ],
    "difficulty": 4,
    "createdAt": "2025-01-17T00:00:00Z"
  },
  {
    "id": "math-g5-007",
    "subject": "수학",
    "grade": 5,
    "topic": "함수의 극한",
    "questionText": "고2 수학 함수의 극한 문제 예시 7",
    "correctAnswer": "정답",
    "distractors": [
      {
        "value": "오답1",
        "rootCauseId": "math-limit-calculation",
        "explanation": "극한 계산 오류"
      },
      {
        "value": "오답2",
        "rootCauseId": "math-derivative-rule",
        "explanation": "미분 공식 오류"
      },
      {
        "value": "오답3",
        "rootCauseId": "math-integral-technique",
        "explanation": "적분 기법 오류"
      }
    ],
    "difficulty": 4,
    "createdAt": "2025-01-17T00:00:00Z"
  },
  {
    "id": "math-g5-008",
    "subject": "수학",
    "grade": 5,
    "topic": "미분",
    "questionText": "고2 수학 미분 문제 예시 8",
    "correctAnswer": "정답",
    "distractors": [
      {
        "value": "오답1",
        "rootCauseId": "math-limit-calculation",
        "explanation": "극한 계산 오류"
      },
      {
        "value": "오답2",
        "rootCauseId": "math-derivative-rule",
        "explanation": "미분 공식 오류"
      },
      {
        "value": "오답3",
        "rootCauseId": "math-integral-technique",
        "explanation": "적분 기법 오류"
      }
    ],
    "difficulty": 4,
    "createdAt": "2025-01-17T00:00:00Z"
  },
  {
    "id": "math-g5-009",
    "subject": "수학",
    "grade": 5,
    "topic": "적분",
    "questionText": "고2 수학 적분 문제 예시 9",
    "correctAnswer": "정답",
    "distractors": [
      {
        "value": "오답1",
        "rootCauseId": "math-limit-calculation",
        "explanation": "극한 계산 오류"
      },
      {
        "value": "오답2",
        "rootCauseId": "math-derivative-rule",
        "explanation": "미분 공식 오류"
      },
      {
        "value": "오답3",
        "rootCauseId": "math-integral-technique",
        "explanation": "적분 기법 오류"
      }
    ],
    "difficulty": 4,
    "createdAt": "2025-01-17T00:00:00Z"
  },
  {
    "id": "math-g5-010",
    "subject": "수학",
    "grade": 5,
    "topic": "함수의 극한",
    "questionText": "고2 수학 함수의 극한 문제 예시 10",
    "correctAnswer": "정답",
    "distractors": [
      {
        "value": "오답1",
        "rootCauseId": "math-limit-calculation",
        "explanation": "극한 계산 오류"
      },
      {
        "value": "오답2",
        "rootCauseId": "math-derivative-rule",
        "explanation": "미분 공식 오류"
      },
      {
        "value": "오답3",
        "rootCauseId": "math-integral-technique",
        "explanation": "적분 기법 오류"
      }
    ],
    "difficulty": 4,
    "createdAt": "2025-01-17T00:00:00Z"
  },
  {
    "id": "math-g5-011",
    "subject": "수학",
    "grade": 5,
    "topic": "미분",
    "questionText": "고2 수학 미분 문제 예시 11",
    "correctAnswer": "정답",
    "distractors": [
      {
        "value": "오답1",
        "rootCauseId": "math-limit-calculation",
        "explanation": "극한 계산 오류"
      },
      {
        "value": "오답2",
        "rootCauseId": "math-derivative-rule",
        "explanation": "미분 공식 오류"
      },
      {
        "value": "오답3",
        "rootCauseId": "math-integral-technique",
        "explanation": "적분 기법 오류"
      }
    ],
    "difficulty": 4,
    "createdAt": "2025-01-17T00:00:00Z"
  },
  {
    "id": "math-g5-012",
    "subject": "수학",
    "grade": 5,
    "topic": "적분",
    "questionText": "고2 수학 적분 문제 예시 12",
    "correctAnswer": "정답",
    "distractors": [
      {
        "value": "오답1",
        "rootCauseId": "math-limit-calculation",
        "explanation": "극한 계산 오류"
      },
      {
        "value": "오답2",
        "rootCauseId": "math-derivative-rule",
        "explanation": "미분 공식 오류"
      },
      {
        "value": "오답3",
        "rootCauseId": "math-integral-technique",
        "explanation": "적분 기법 오류"
      }
    ],
    "difficulty": 4,
    "createdAt": "2025-01-17T00:00:00Z"
  },
  {
    "id": "math-g5-013",
    "subject": "수학",
    "grade": 5,
    "topic": "함수의 극한",
    "questionText": "고2 수학 함수의 극한 문제 예시 13",
    "correctAnswer": "정답",
    "distractors": [
      {
        "value": "오답1",
        "rootCauseId": "math-limit-calculation",
        "explanation": "극한 계산 오류"
      },
      {
        "value": "오답2",
        "rootCauseId": "math-derivative-rule",
        "explanation": "미분 공식 오류"
      },
      {
        "value": "오답3",
        "rootCauseId": "math-integral-technique",
        "explanation": "적분 기법 오류"
      }
    ],
    "difficulty": 4,
    "createdAt": "2025-01-17T00:00:00Z"
  },
  {
    "id": "math-g5-014",
    "subject": "수학",
    "grade": 5,
    "topic": "미분",
    "questionText": "고2 수학 미분 문제 예시 14",
    "correctAnswer": "정답",
    "distractors": [
      {
        "value": "오답1",
        "rootCauseId": "math-limit-calculation",
        "explanation": "극한 계산 오류"
      },
      {
        "value": "오답2",
        "rootCauseId": "math-derivative-rule",
        "explanation": "미분 공식 오류"
      },
      {
        "value": "오답3",
        "rootCauseId": "math-integral-technique",
        "explanation": "적분 기법 오류"
      }
    ],
    "difficulty": 4,
    "createdAt": "2025-01-17T00:00:00Z"
  },
  {
    "id": "math-g5-015",
    "subject": "수학",
    "grade": 5,
    "topic": "적분",
    "questionText": "고2 수학 적분 문제 예시 15",
    "correctAnswer": "정답",
    "distractors": [
      {
        "value": "오답1",
        "rootCauseId": "math-limit-calculation",
        "explanation": "극한 계산 오류"
      },
      {
        "value": "오답2",
        "rootCauseId": "math-derivative-rule",
        "explanation": "미분 공식 오류"
      },
      {
        "value": "오답3",
        "rootCauseId": "math-integral-technique",
        "explanation": "적분 기법 오류"
      }
    ],
    "difficulty": 4,
    "createdAt": "2025-01-17T00:00:00Z"
  },
  {
    "id": "math-g6-001",
    "subject": "수학",
    "grade": 6,
    "topic": "수열",
    "questionText": "고3 수학 수열 문제 예시 1",
    "correctAnswer": "정답",
    "distractors": [
      {
        "value": "오답1",
        "rootCauseId": "math-sequence-pattern",
        "explanation": "수열 규칙 오류"
      },
      {
        "value": "오답2",
        "rootCauseId": "math-log-properties",
        "explanation": "로그 성질 오류"
      },
      {
        "value": "오답3",
        "rootCauseId": "math-probability-calculation",
        "explanation": "확률 계산 오류"
      }
    ],
    "difficulty": 5,
    "createdAt": "2025-01-17T00:00:00Z"
  },
  {
    "id": "math-g6-002",
    "subject": "수학",
    "grade": 6,
    "topic": "지수와 로그",
    "questionText": "고3 수학 지수와 로그 문제 예시 2",
    "correctAnswer": "정답",
    "distractors": [
      {
        "value": "오답1",
        "rootCauseId": "math-sequence-pattern",
        "explanation": "수열 규칙 오류"
      },
      {
        "value": "오답2",
        "rootCauseId": "math-log-properties",
        "explanation": "로그 성질 오류"
      },
      {
        "value": "오답3",
        "rootCauseId": "math-probability-calculation",
        "explanation": "확률 계산 오류"
      }
    ],
    "difficulty": 5,
    "createdAt": "2025-01-17T00:00:00Z"
  },
  {
    "id": "math-g6-003",
    "subject": "수학",
    "grade": 6,
    "topic": "삼각함수",
    "questionText": "고3 수학 삼각함수 문제 예시 3",
    "correctAnswer": "정답",
    "distractors": [
      {
        "value": "오답1",
        "rootCauseId": "math-sequence-pattern",
        "explanation": "수열 규칙 오류"
      },
      {
        "value": "오답2",
        "rootCauseId": "math-log-properties",
        "explanation": "로그 성질 오류"
      },
      {
        "value": "오답3",
        "rootCauseId": "math-probability-calculation",
        "explanation": "확률 계산 오류"
      }
    ],
    "difficulty": 5,
    "createdAt": "2025-01-17T00:00:00Z"
  },
  {
    "id": "math-g6-004",
    "subject": "수학",
    "grade": 6,
    "topic": "확률과 통계",
    "questionText": "고3 수학 확률과 통계 문제 예시 4",
    "correctAnswer": "정답",
    "distractors": [
      {
        "value": "오답1",
        "rootCauseId": "math-sequence-pattern",
        "explanation": "수열 규칙 오류"
      },
      {
        "value": "오답2",
        "rootCauseId": "math-log-properties",
        "explanation": "로그 성질 오류"
      },
      {
        "value": "오답3",
        "rootCauseId": "math-probability-calculation",
        "explanation": "확률 계산 오류"
      }
    ],
    "difficulty": 5,
    "createdAt": "2025-01-17T00:00:00Z"
  },
  {
    "id": "math-g6-005",
    "subject": "수학",
    "grade": 6,
    "topic": "수열",
    "questionText": "고3 수학 수열 문제 예시 5",
    "correctAnswer": "정답",
    "distractors": [
      {
        "value": "오답1",
        "rootCauseId": "math-sequence-pattern",
        "explanation": "수열 규칙 오류"
      },
      {
        "value": "오답2",
        "rootCauseId": "math-log-properties",
        "explanation": "로그 성질 오류"
      },
      {
        "value": "오답3",
        "rootCauseId": "math-probability-calculation",
        "explanation": "확률 계산 오류"
      }
    ],
    "difficulty": 5,
    "createdAt": "2025-01-17T00:00:00Z"
  },
  {
    "id": "math-g6-006",
    "subject": "수학",
    "grade": 6,
    "topic": "지수와 로그",
    "questionText": "고3 수학 지수와 로그 문제 예시 6",
    "correctAnswer": "정답",
    "distractors": [
      {
        "value": "오답1",
        "rootCauseId": "math-sequence-pattern",
        "explanation": "수열 규칙 오류"
      },
      {
        "value": "오답2",
        "rootCauseId": "math-log-properties",
        "explanation": "로그 성질 오류"
      },
      {
        "value": "오답3",
        "rootCauseId": "math-probability-calculation",
        "explanation": "확률 계산 오류"
      }
    ],
    "difficulty": 5,
    "createdAt": "2025-01-17T00:00:00Z"
  },
  {
    "id": "math-g6-007",
    "subject": "수학",
    "grade": 6,
    "topic": "삼각함수",
    "questionText": "고3 수학 삼각함수 문제 예시 7",
    "correctAnswer": "정답",
    "distractors": [
      {
        "value": "오답1",
        "rootCauseId": "math-sequence-pattern",
        "explanation": "수열 규칙 오류"
      },
      {
        "value": "오답2",
        "rootCauseId": "math-log-properties",
        "explanation": "로그 성질 오류"
      },
      {
        "value": "오답3",
        "rootCauseId": "math-probability-calculation",
        "explanation": "확률 계산 오류"
      }
    ],
    "difficulty": 5,
    "createdAt": "2025-01-17T00:00:00Z"
  },
  {
    "id": "math-g6-008",
    "subject": "수학",
    "grade": 6,
    "topic": "확률과 통계",
    "questionText": "고3 수학 확률과 통계 문제 예시 8",
    "correctAnswer": "정답",
    "distractors": [
      {
        "value": "오답1",
        "rootCauseId": "math-sequence-pattern",
        "explanation": "수열 규칙 오류"
      },
      {
        "value": "오답2",
        "rootCauseId": "math-log-properties",
        "explanation": "로그 성질 오류"
      },
      {
        "value": "오답3",
        "rootCauseId": "math-probability-calculation",
        "explanation": "확률 계산 오류"
      }
    ],
    "difficulty": 5,
    "createdAt": "2025-01-17T00:00:00Z"
  },
  {
    "id": "math-g6-009",
    "subject": "수학",
    "grade": 6,
    "topic": "수열",
    "questionText": "고3 수학 수열 문제 예시 9",
    "correctAnswer": "정답",
    "distractors": [
      {
        "value": "오답1",
        "rootCauseId": "math-sequence-pattern",
        "explanation": "수열 규칙 오류"
      },
      {
        "value": "오답2",
        "rootCauseId": "math-log-properties",
        "explanation": "로그 성질 오류"
      },
      {
        "value": "오답3",
        "rootCauseId": "math-probability-calculation",
        "explanation": "확률 계산 오류"
      }
    ],
    "difficulty": 5,
    "createdAt": "2025-01-17T00:00:00Z"
  },
  {
    "id": "math-g6-010",
    "subject": "수학",
    "grade": 6,
    "topic": "지수와 로그",
    "questionText": "고3 수학 지수와 로그 문제 예시 10",
    "correctAnswer": "정답",
    "distractors": [
      {
        "value": "오답1",
        "rootCauseId": "math-sequence-pattern",
        "explanation": "수열 규칙 오류"
      },
      {
        "value": "오답2",
        "rootCauseId": "math-log-properties",
        "explanation": "로그 성질 오류"
      },
      {
        "value": "오답3",
        "rootCauseId": "math-probability-calculation",
        "explanation": "확률 계산 오류"
      }
    ],
    "difficulty": 5,
    "createdAt": "2025-01-17T00:00:00Z"
  },
  {
    "id": "math-g6-011",
    "subject": "수학",
    "grade": 6,
    "topic": "삼각함수",
    "questionText": "고3 수학 삼각함수 문제 예시 11",
    "correctAnswer": "정답",
    "distractors": [
      {
        "value": "오답1",
        "rootCauseId": "math-sequence-pattern",
        "explanation": "수열 규칙 오류"
      },
      {
        "value": "오답2",
        "rootCauseId": "math-log-properties",
        "explanation": "로그 성질 오류"
      },
      {
        "value": "오답3",
        "rootCauseId": "math-probability-calculation",
        "explanation": "확률 계산 오류"
      }
    ],
    "difficulty": 5,
    "createdAt": "2025-01-17T00:00:00Z"
  },
  {
    "id": "math-g6-012",
    "subject": "수학",
    "grade": 6,
    "topic": "확률과 통계",
    "questionText": "고3 수학 확률과 통계 문제 예시 12",
    "correctAnswer": "정답",
    "distractors": [
      {
        "value": "오답1",
        "rootCauseId": "math-sequence-pattern",
        "explanation": "수열 규칙 오류"
      },
      {
        "value": "오답2",
        "rootCauseId": "math-log-properties",
        "explanation": "로그 성질 오류"
      },
      {
        "value": "오답3",
        "rootCauseId": "math-probability-calculation",
        "explanation": "확률 계산 오류"
      }
    ],
    "difficulty": 5,
    "createdAt": "2025-01-17T00:00:00Z"
  },
  {
    "id": "math-g6-013",
    "subject": "수학",
    "grade": 6,
    "topic": "수열",
    "questionText": "고3 수학 수열 문제 예시 13",
    "correctAnswer": "정답",
    "distractors": [
      {
        "value": "오답1",
        "rootCauseId": "math-sequence-pattern",
        "explanation": "수열 규칙 오류"
      },
      {
        "value": "오답2",
        "rootCauseId": "math-log-properties",
        "explanation": "로그 성질 오류"
      },
      {
        "value": "오답3",
        "rootCauseId": "math-probability-calculation",
        "explanation": "확률 계산 오류"
      }
    ],
    "difficulty": 5,
    "createdAt": "2025-01-17T00:00:00Z"
  },
  {
    "id": "math-g6-014",
    "subject": "수학",
    "grade": 6,
    "topic": "지수와 로그",
    "questionText": "고3 수학 지수와 로그 문제 예시 14",
    "correctAnswer": "정답",
    "distractors": [
      {
        "value": "오답1",
        "rootCauseId": "math-sequence-pattern",
        "explanation": "수열 규칙 오류"
      },
      {
        "value": "오답2",
        "rootCauseId": "math-log-properties",
        "explanation": "로그 성질 오류"
      },
      {
        "value": "오답3",
        "rootCauseId": "math-probability-calculation",
        "explanation": "확률 계산 오류"
      }
    ],
    "difficulty": 5,
    "createdAt": "2025-01-17T00:00:00Z"
  },
  {
    "id": "math-g6-015",
    "subject": "수학",
    "grade": 6,
    "topic": "삼각함수",
    "questionText": "고3 수학 삼각함수 문제 예시 15",
    "correctAnswer": "정답",
    "distractors": [
      {
        "value": "오답1",
        "rootCauseId": "math-sequence-pattern",
        "explanation": "수열 규칙 오류"
      },
      {
        "value": "오답2",
        "rootCauseId": "math-log-properties",
        "explanation": "로그 성질 오류"
      },
      {
        "value": "오답3",
        "rootCauseId": "math-probability-calculation",
        "explanation": "확률 계산 오류"
      }
    ],
    "difficulty": 5,
    "createdAt": "2025-01-17T00:00:00Z"
  }
]