[
  {
    "id": "prob_math1_seq_001",
    "subject": "수학",
    "grade": "수1",
    "topic": "수열",
    "questionText": "첫째항이 2, 공차가 3인 등차수열의 첫 10항까지의 합은?",
    "questionImageUrl": null,
    "correctAnswer": "155",
    "distractors": [
      {
        "value": "150",
        "rootCauseId": "concept_sequence_term",
        "explanation": "일반항 계산을 잘못했습니다"
      },
      {
        "value": "29",
        "rootCauseId": "concept_sequence_def",
        "explanation": "제10항만 구했습니다 (합이 아님)"
      },
      {
        "value": "145",
        "rootCauseId": "concept_sequence_term",
        "explanation": "합 공식을 잘못 적용했습니다"
      }
    ],
    "difficulty": 3,
    "createdAt": "2025-11-19T10:00:00.000Z"
  },
  {
    "id": "prob_math1_seq_002",
    "subject": "수학",
    "grade": "수1",
    "topic": "수열",
    "questionText": "첫째항이 3, 공비가 2인 등비수열의 첫 5항까지의 합은?",
    "questionImageUrl": null,
    "correctAnswer": "93",
    "distractors": [
      {
        "value": "96",
        "rootCauseId": "concept_sequence_term",
        "explanation": "등비수열 합 공식을 잘못 적용했습니다"
      },
      {
        "value": "48",
        "rootCauseId": "concept_sequence_def",
        "explanation": "제5항만 구했습니다 (합이 아님)"
      },
      {
        "value": "62",
        "rootCauseId": "concept_sequence_term",
        "explanation": "계산 실수를 했습니다"
      }
    ],
    "difficulty": 3,
    "createdAt": "2025-11-19T10:00:00.000Z"
  },
  {
    "id": "prob_math1_seq_003",
    "subject": "수학",
    "grade": "수1",
    "topic": "수열",
    "questionText": "등차수열 {aₙ}에서 a₃=7, a₇=15일 때, 공차는?",
    "questionImageUrl": null,
    "correctAnswer": "2",
    "distractors": [
      {
        "value": "4",
        "rootCauseId": "concept_sequence_term",
        "explanation": "항의 차를 항의 개수로 나누지 않았습니다"
      },
      {
        "value": "8",
        "rootCauseId": "concept_sequence_def",
        "explanation": "15 - 7만 계산했습니다"
      },
      {
        "value": "3",
        "rootCauseId": "concept_sequence_term",
        "explanation": "계산 실수를 했습니다"
      }
    ],
    "difficulty": 3,
    "createdAt": "2025-11-19T10:00:00.000Z"
  }
]
