[
  {"id": "prob_high1_remainder_001", "subject": "수학", "grade": "고1", "topic": "나머지정리", "questionText": "다항식 f(x) = x³ - 2x² + 3x + 1을 x - 2로 나눈 나머지를 구하시오.", "questionImageUrl": null, "correctAnswer": "7", "distractors": [{"value": "3", "rootCauseId": "concept_identity", "explanation": "f(2)를 잘못 계산했습니다"}, {"value": "-1", "rootCauseId": "concept_poly_division", "explanation": "나머지정리를 잘못 이해했습니다"}, {"value": "2", "rootCauseId": "concept_remainder_theorem", "explanation": "x의 값을 잘못 대입했습니다"}], "difficulty": 3, "createdAt": "2025-11-19T10:00:00.000Z"},
  {"id": "prob_high1_remainder_002", "subject": "수학", "grade": "고1", "topic": "나머지정리", "questionText": "다항식 f(x) = 2x³ + x² - 5x + 3을 x + 1로 나눈 나머지를 구하시오.", "questionImageUrl": null, "correctAnswer": "5", "distractors": [{"value": "-1", "rootCauseId": "concept_identity", "explanation": "x의 값을 잘못 대입했습니다"}, {"value": "1", "rootCauseId": "concept_poly_division", "explanation": "f(-1)을 잘못 계산했습니다"}, {"value": "9", "rootCauseId": "concept_remainder_theorem", "explanation": "계산 실수를 했습니다"}], "difficulty": 3, "createdAt": "2025-11-19T10:00:00.000Z"},
  {"id": "prob_high1_remainder_003", "subject": "수학", "grade": "고1", "topic": "나머지정리", "questionText": "다항식 f(x) = x⁴ - 3x² + 2를 x - 1로 나눈 나머지를 구하시오.", "questionImageUrl": null, "correctAnswer": "0", "distractors": [{"value": "2", "rootCauseId": "concept_identity", "explanation": "f(1)을 잘못 계산했습니다"}, {"value": "1", "rootCauseId": "concept_poly_division", "explanation": "계산 실수를 했습니다"}, {"value": "-2", "rootCauseId": "concept_remainder_theorem", "explanation": "부호를 잘못 판단했습니다"}], "difficulty": 3, "createdAt": "2025-11-19T10:00:00.000Z"}
]
