[
  {
    "id": "prob_math1_expfunc_001",
    "subject": "수학",
    "grade": "수1",
    "topic": "지수함수와 로그함수",
    "questionText": "함수 y = 2ˣ의 그래프가 지나는 점은?",
    "questionImageUrl": null,
    "correctAnswer": "(0, 1)",
    "distractors": [
      {
        "value": "(1, 0)",
        "rootCauseId": "concept_exp_log_calc",
        "explanation": "지수함수의 x절편과 y절편을 혼동했습니다"
      },
      {
        "value": "(0, 0)",
        "rootCauseId": "concept_exp_meaning",
        "explanation": "2⁰의 값을 잘못 알고 있습니다"
      },
      {
        "value": "(0, 2)",
        "rootCauseId": "concept_exp_log_calc",
        "explanation": "2⁰ = 1임을 모르고 있습니다"
      }
    ],
    "difficulty": 3,
    "createdAt": "2025-11-19T10:00:00.000Z"
  },
  {
    "id": "prob_math1_expfunc_002",
    "subject": "수학",
    "grade": "수1",
    "topic": "지수함수와 로그함수",
    "questionText": "함수 y = log₃ x의 그래프가 지나는 점은?",
    "questionImageUrl": null,
    "correctAnswer": "(1, 0)",
    "distractors": [
      {
        "value": "(0, 1)",
        "rootCauseId": "concept_exp_log_calc",
        "explanation": "로그함수의 x절편과 y절편을 혼동했습니다"
      },
      {
        "value": "(3, 1)",
        "rootCauseId": "concept_exp_meaning",
        "explanation": "log₃ 1의 값을 잘못 계산했습니다"
      },
      {
        "value": "(0, 3)",
        "rootCauseId": "concept_exp_log_calc",
        "explanation": "로그함수의 정의역을 이해하지 못했습니다"
      }
    ],
    "difficulty": 3,
    "createdAt": "2025-11-19T10:00:00.000Z"
  },
  {
    "id": "prob_math1_expfunc_003",
    "subject": "수학",
    "grade": "수1",
    "topic": "지수함수와 로그함수",
    "questionText": "y = 3ˣ과 y = log₃ x는 어떤 관계인가?",
    "questionImageUrl": null,
    "correctAnswer": "역함수 관계",
    "distractors": [
      {
        "value": "평행이동 관계",
        "rootCauseId": "concept_exp_log_calc",
        "explanation": "역함수의 개념을 이해하지 못했습니다"
      },
      {
        "value": "대칭이동 관계 (x축)",
        "rootCauseId": "concept_exp_meaning",
        "explanation": "y=x 대칭 관계를 혼동했습니다"
      },
      {
        "value": "같은 함수",
        "rootCauseId": "concept_exp_log_calc",
        "explanation": "지수함수와 로그함수의 관계를 모릅니다"
      }
    ],
    "difficulty": 3,
    "createdAt": "2025-11-19T10:00:00.000Z"
  }
]
