[{"id":"prob_high1_quadeqfn_001","subject":"수학","grade":"고1","topic":"이차방정식과 이차함수","questionText":"이차함수 y=x²-6x+8의 그래프와 x축의 교점의 x좌표를 구하시오.","questionImageUrl":null,"correctAnswer":"x=2, x=4","distractors":[{"value":"x=-2, x=-4","rootCauseId":"concept_quad_real_roots","explanation":"이차방정식의 해를 잘못 구했습니다"},{"value":"x=3","rootCauseId":"concept_vertex_axis","explanation":"x절편과 꼭짓점을 혼동했습니다"},{"value":"x=6, x=8","rootCauseId":"concept_x_intercept","explanation":"계수를 답으로 썼습니다"}],"difficulty":3,"createdAt":"2025-11-19T10:00:00.000Z"},{"id":"prob_high1_quadeqfn_002","subject":"수학","grade":"고1","topic":"이차방정식과 이차함수","questionText":"이차함수 y=x²-2x-3의 그래프가 x축과 만나는 점의 개수는?","questionImageUrl":null,"correctAnswer":"2개","distractors":[{"value":"1개","rootCauseId":"concept_quad_real_roots","explanation":"판별식을 잘못 판단했습니다"},{"value":"0개","rootCauseId":"concept_x_intercept","explanation":"실근의 개수를 잘못 판단했습니다"},{"value":"3개","rootCauseId":"concept_vertex_axis","explanation":"이차함수는 최대 2개의 x절편을 가집니다"}],"difficulty":3,"createdAt":"2025-11-19T10:00:00.000Z"},{"id":"prob_high1_quadeqfn_003","subject":"수학","grade":"고1","topic":"이차방정식과 이차함수","questionText":"이차함수 y=(x-2)²-1의 그래프와 x축의 교점을 구하시오.","questionImageUrl":null,"correctAnswer":"(1,0), (3,0)","distractors":[{"value":"(2,0), (-1,0)","rootCauseId":"concept_vertex_axis","explanation":"꼭짓점을 교점으로 착각했습니다"},{"value":"(-1,0), (-3,0)","rootCauseId":"concept_quad_real_roots","explanation":"방정식의 해를 잘못 구했습니다"},{"value":"(2,0)","rootCauseId":"concept_x_intercept","explanation":"교점이 2개임을 이해하지 못했습니다"}],"difficulty":3,"createdAt":"2025-11-19T10:00:00.000Z"}]