[
  {
    "id": "prob_probstat_prob_001",
    "subject": "수학",
    "grade": "확통",
    "topic": "확률",
    "questionText": "P(A)=0.4, P(B)=0.3일 때, P(A|B) = 0.6이면 P(A∩B) = ?",
    "questionImageUrl": null,
    "correctAnswer": "0.18",
    "distractors": [
      {
        "value": "0.12",
        "rootCauseId": "concept_prob_rule",
        "explanation": "조건부확률 공식을 잘못 적용했습니다"
      },
      {
        "value": "0.24",
        "rootCauseId": "concept_prob_def",
        "explanation": "P(A)·P(A|B)를 계산했습니다"
      },
      {
        "value": "0.5",
        "rootCauseId": "concept_prob_rule",
        "explanation": "조건부확률의 의미를 이해하지 못했습니다"
      }
    ],
    "difficulty": 3,
    "createdAt": "2025-11-19T10:00:00.000Z"
  },
  {
    "id": "prob_probstat_prob_002",
    "subject": "수학",
    "grade": "확통",
    "topic": "확률",
    "questionText": "두 사건 A, B가 독립이고 P(A)=0.3, P(B)=0.4일 때, P(A∪B) = ?",
    "questionImageUrl": null,
    "correctAnswer": "0.58",
    "distractors": [
      {
        "value": "0.7",
        "rootCauseId": "concept_prob_rule",
        "explanation": "P(A∩B)를 빼지 않았습니다"
      },
      {
        "value": "0.12",
        "rootCauseId": "concept_prob_def",
        "explanation": "P(A∩B)만 구했습니다"
      },
      {
        "value": "0.42",
        "rootCauseId": "concept_prob_rule",
        "explanation": "독립사건의 성질을 잘못 이해했습니다"
      }
    ],
    "difficulty": 3,
    "createdAt": "2025-11-19T10:00:00.000Z"
  },
  {
    "id": "prob_probstat_prob_003",
    "subject": "수학",
    "grade": "확통",
    "topic": "확률",
    "questionText": "한 상자에 빨간 공 3개, 파란 공 2개가 있다. 2개를 동시에 꺼낼 때, 모두 빨간 공일 확률은?",
    "questionImageUrl": null,
    "correctAnswer": "3/10",
    "distractors": [
      {
        "value": "9/25",
        "rootCauseId": "concept_prob_rule",
        "explanation": "복원추출로 계산했습니다"
      },
      {
        "value": "3/5",
        "rootCauseId": "concept_prob_def",
        "explanation": "첫 번째만 고려했습니다"
      },
      {
        "value": "2/5",
        "rootCauseId": "concept_prob_rule",
        "explanation": "계산 실수를 했습니다"
      }
    ],
    "difficulty": 3,
    "createdAt": "2025-11-19T10:00:00.000Z"
  }
]
