[
  {
    "id": "prob_math1_trig_001",
    "subject": "수학",
    "grade": "수1",
    "topic": "삼각함수",
    "questionText": "함수 y = sin x의 주기는?",
    "questionImageUrl": null,
    "correctAnswer": "2π",
    "distractors": [
      {
        "value": "π",
        "rootCauseId": "concept_trig_value",
        "explanation": "sin x와 tan x의 주기를 혼동했습니다"
      },
      {
        "value": "360",
        "rootCauseId": "concept_right_triangle",
        "explanation": "호도법과 60분법을 혼동했습니다"
      },
      {
        "value": "π/2",
        "rootCauseId": "concept_trig_value",
        "explanation": "주기의 개념을 잘못 이해했습니다"
      }
    ],
    "difficulty": 3,
    "createdAt": "2025-11-19T10:00:00.000Z"
  },
  {
    "id": "prob_math1_trig_002",
    "subject": "수학",
    "grade": "수1",
    "topic": "삼각함수",
    "questionText": "cos²θ + sin²θ = ?",
    "questionImageUrl": null,
    "correctAnswer": "1",
    "distractors": [
      {
        "value": "0",
        "rootCauseId": "concept_trig_value",
        "explanation": "삼각함수의 기본 관계식을 모릅니다"
      },
      {
        "value": "2",
        "rootCauseId": "concept_right_triangle",
        "explanation": "제곱의 계산을 잘못했습니다"
      },
      {
        "value": "cos 2θ",
        "rootCauseId": "concept_trig_value",
        "explanation": "배각공식과 혼동했습니다"
      }
    ],
    "difficulty": 3,
    "createdAt": "2025-11-19T10:00:00.000Z"
  },
  {
    "id": "prob_math1_trig_003",
    "subject": "수학",
    "grade": "수1",
    "topic": "삼각함수",
    "questionText": "함수 y = tan x의 주기는?",
    "questionImageUrl": null,
    "correctAnswer": "π",
    "distractors": [
      {
        "value": "2π",
        "rootCauseId": "concept_trig_value",
        "explanation": "sin x의 주기와 혼동했습니다"
      },
      {
        "value": "π/2",
        "rootCauseId": "concept_right_triangle",
        "explanation": "점근선의 간격을 주기로 착각했습니다"
      },
      {
        "value": "180",
        "rootCauseId": "concept_trig_value",
        "explanation": "호도법과 60분법을 혼동했습니다"
      }
    ],
    "difficulty": 3,
    "createdAt": "2025-11-19T10:00:00.000Z"
  }
]
