[{"id":"prob_high1_set_001","subject":"수학","grade":"고1","topic":"집합과 명제","questionText":"A={x|1≤x≤5, x는 자연수}, B={x|2≤x≤7, x는 자연수}일 때 A∩B를 구하시오.","questionImageUrl":null,"correctAnswer":"{2,3,4,5}","distractors":[{"value":"{1,2,3,4,5,6,7}","rootCauseId":"concept_subset","explanation":"교집합과 합집합을 혼동했습니다"},{"value":"{2,3,4,5,6,7}","rootCauseId":"concept_set_operations","explanation":"A의 범위를 잘못 이해했습니다"},{"value":"{1}","rootCauseId":"concept_inequality_range","explanation":"교집합의 의미를 이해하지 못했습니다"}],"difficulty":3,"createdAt":"2025-11-19T10:00:00.000Z"},{"id":"prob_high1_set_002","subject":"수학","grade":"고1","topic":"집합과 명제","questionText":"전체집합 U={1,2,3,4,5}, A={1,2,3}일 때 A의 여집합 Aᶜ를 구하시오.","questionImageUrl":null,"correctAnswer":"{4,5}","distractors":[{"value":"{1,2,3}","rootCauseId":"concept_subset","explanation":"여집합의 개념을 이해하지 못했습니다"},{"value":"공집합","rootCauseId":"concept_set_operations","explanation":"여집합 계산을 잘못했습니다"},{"value":"{1,2,3,4,5}","rootCauseId":"concept_inequality_range","explanation":"전체집합과 여집합을 혼동했습니다"}],"difficulty":3,"createdAt":"2025-11-19T10:00:00.000Z"},{"id":"prob_high1_set_003","subject":"수학","grade":"고1","topic":"집합과 명제","questionText":"A={x|-2<x<4, x는 정수}, B={x|0≤x≤5, x는 정수}일 때 A∪B를 구하시오.","questionImageUrl":null,"correctAnswer":"{-1,0,1,2,3,4,5}","distractors":[{"value":"{0,1,2,3}","rootCauseId":"concept_set_operations","explanation":"합집합과 교집합을 혼동했습니다"},{"value":"{-2,-1,0,1,2,3,4,5}","rootCauseId":"concept_inequality_range","explanation":"부등호를 잘못 이해했습니다"},{"value":"{0,1,2,3,4}","rootCauseId":"concept_subset","explanation":"합집합의 범위를 잘못 계산했습니다"}],"difficulty":3,"createdAt":"2025-11-19T10:00:00.000Z"}]