[
  {
    "id": "prob_math2_derivapp_001",
    "subject": "수학",
    "grade": "수2",
    "topic": "도함수의 활용",
    "questionText": "f(x) = x³ - 3x + 1이 극값을 갖는 x의 값은?",
    "questionImageUrl": null,
    "correctAnswer": "x=±1",
    "distractors": [
      {
        "value": "x=1",
        "rootCauseId": "concept_derivative_sign",
        "explanation": "f'(x)=0의 해를 하나만 구했습니다"
      },
      {
        "value": "x=3",
        "rootCauseId": "concept_quad_extremum",
        "explanation": "f'(x)를 잘못 구했습니다"
      },
      {
        "value": "x=0",
        "rootCauseId": "concept_derivative_sign",
        "explanation": "극값 조건을 이해하지 못했습니다"
      }
    ],
    "difficulty": 3,
    "createdAt": "2025-11-19T10:00:00.000Z"
  },
  {
    "id": "prob_math2_derivapp_002",
    "subject": "수학",
    "grade": "수2",
    "topic": "도함수의 활용",
    "questionText": "f(x) = x³ - 6x² + 9x + 2가 극댓값을 갖는 x는?",
    "questionImageUrl": null,
    "correctAnswer": "x=1",
    "distractors": [
      {
        "value": "x=3",
        "rootCauseId": "concept_derivative_sign",
        "explanation": "극대와 극소를 구분하지 못했습니다"
      },
      {
        "value": "x=2",
        "rootCauseId": "concept_quad_extremum",
        "explanation": "f'(x)=0을 잘못 풀었습니다"
      },
      {
        "value": "x=0",
        "rootCauseId": "concept_derivative_sign",
        "explanation": "도함수의 부호 변화를 확인하지 않았습니다"
      }
    ],
    "difficulty": 3,
    "createdAt": "2025-11-19T10:00:00.000Z"
  },
  {
    "id": "prob_math2_derivapp_003",
    "subject": "수학",
    "grade": "수2",
    "topic": "도함수의 활용",
    "questionText": "구간 [0,3]에서 f(x) = x³ - 3x²의 최댓값은?",
    "questionImageUrl": null,
    "correctAnswer": "0",
    "distractors": [
      {
        "value": "-4",
        "rootCauseId": "concept_derivative_sign",
        "explanation": "극솟값을 최댓값으로 착각했습니다"
      },
      {
        "value": "2",
        "rootCauseId": "concept_quad_extremum",
        "explanation": "f'(x)=0인 x만 대입했습니다"
      },
      {
        "value": "9",
        "rootCauseId": "concept_derivative_sign",
        "explanation": "끝점을 확인하지 않았습니다"
      }
    ],
    "difficulty": 3,
    "createdAt": "2025-11-19T10:00:00.000Z"
  }
]
