[
  {
    "id": "prob_middle1_prime_fact_001",
    "subject": "수학",
    "grade": 1,
    "topic": "소인수분해",
    "questionText": "72를 소인수분해하면 2³ × 3²입니다. 72의 약수는 모두 몇 개인가요?",
    "questionImageUrl": null,
    "correctAnswer": "12개",
    "distractors": [
      {
        "value": "6개",
        "rootCauseId": "concept_exponent_notation",
        "explanation": "거듭제곱의 지수를 약수 개수로 잘못 이해했습니다"
      },
      {
        "value": "5개",
        "rootCauseId": "concept_prime_factorization",
        "explanation": "소인수의 개수를 약수의 개수로 착각했습니다"
      },
      {
        "value": "8개",
        "rootCauseId": "concept_multiplication",
        "explanation": "약수 개수 공식 (지수+1)의 곱을 잘못 계산했습니다"
      }
    ],
    "difficulty": 3,
    "createdAt": "2025-11-19T10:00:00.000Z"
  },
  {
    "id": "prob_middle1_prime_fact_002",
    "subject": "수학",
    "grade": 1,
    "topic": "소인수분해",
    "questionText": "180을 소인수분해하면 2² × 3² × 5입니다. 180의 약수는 모두 몇 개인가요?",
    "questionImageUrl": null,
    "correctAnswer": "18개",
    "distractors": [
      {
        "value": "9개",
        "rootCauseId": "concept_exponent_notation",
        "explanation": "거듭제곱을 잘못 이해하여 계산을 틀렸습니다"
      },
      {
        "value": "5개",
        "rootCauseId": "concept_prime_factorization",
        "explanation": "소인수의 개수를 약수의 개수로 착각했습니다"
      },
      {
        "value": "12개",
        "rootCauseId": "concept_multiplication",
        "explanation": "(2+1) × (2+1) × (1+1) = 3 × 3 × 2를 잘못 계산했습니다"
      }
    ],
    "difficulty": 3,
    "createdAt": "2025-11-19T10:00:00.000Z"
  },
  {
    "id": "prob_middle1_prime_fact_003",
    "subject": "수학",
    "grade": 1,
    "topic": "소인수분해",
    "questionText": "200을 소인수분해하면 2³ × 5²입니다. 200의 약수는 모두 몇 개인가요?",
    "questionImageUrl": null,
    "correctAnswer": "12개",
    "distractors": [
      {
        "value": "6개",
        "rootCauseId": "concept_exponent_notation",
        "explanation": "거듭제곱의 지수를 약수 개수로 잘못 이해했습니다"
      },
      {
        "value": "5개",
        "rootCauseId": "concept_prime_factorization",
        "explanation": "소인수의 개수를 약수의 개수로 착각했습니다"
      },
      {
        "value": "10개",
        "rootCauseId": "concept_multiplication",
        "explanation": "(3+1) × (2+1) = 4 × 3을 잘못 계산했습니다"
      }
    ],
    "difficulty": 3,
    "createdAt": "2025-11-19T10:00:00.000Z"
  }
]
