[
  {
    "id": "prob_probstat_stat_001",
    "subject": "수학",
    "grade": "확통",
    "topic": "통계",
    "questionText": "확률변수 X가 정규분포 N(50, 5²)를 따를 때, P(45≤X≤55)는 약?",
    "questionImageUrl": null,
    "correctAnswer": "0.68",
    "distractors": [
      {
        "value": "0.95",
        "rootCauseId": "concept_std_dev",
        "explanation": "2σ 범위와 1σ 범위를 혼동했습니다"
      },
      {
        "value": "0.34",
        "rootCauseId": "concept_mean",
        "explanation": "한쪽만 계산했습니다"
      },
      {
        "value": "0.5",
        "rootCauseId": "concept_std_dev",
        "explanation": "정규분포의 성질을 이해하지 못했습니다"
      }
    ],
    "difficulty": 3,
    "createdAt": "2025-11-19T10:00:00.000Z"
  },
  {
    "id": "prob_probstat_stat_002",
    "subject": "수학",
    "grade": "확통",
    "topic": "통계",
    "questionText": "모평균이 100, 모표준편차가 20인 모집단에서 크기 100인 표본을 추출할 때, 표본평균의 표준편차는?",
    "questionImageUrl": null,
    "correctAnswer": "2",
    "distractors": [
      {
        "value": "20",
        "rootCauseId": "concept_std_dev",
        "explanation": "표본크기로 나누지 않았습니다"
      },
      {
        "value": "0.2",
        "rootCauseId": "concept_mean",
        "explanation": "계산을 잘못했습니다"
      },
      {
        "value": "10",
        "rootCauseId": "concept_std_dev",
        "explanation": "√n으로 나누는 것을 잊었습니다"
      }
    ],
    "difficulty": 3,
    "createdAt": "2025-11-19T10:00:00.000Z"
  },
  {
    "id": "prob_probstat_stat_003",
    "subject": "수학",
    "grade": "확통",
    "topic": "통계",
    "questionText": "자료 1, 3, 5, 7, 9의 표준편차는?",
    "questionImageUrl": null,
    "correctAnswer": "√8",
    "distractors": [
      {
        "value": "8",
        "rootCauseId": "concept_std_dev",
        "explanation": "분산을 표준편차로 착각했습니다"
      },
      {
        "value": "4",
        "rootCauseId": "concept_mean",
        "explanation": "범위를 구했습니다"
      },
      {
        "value": "2",
        "rootCauseId": "concept_std_dev",
        "explanation": "계산 실수를 했습니다"
      }
    ],
    "difficulty": 3,
    "createdAt": "2025-11-19T10:00:00.000Z"
  }
]
