[
  {"id": "prob_middle3_quadeq_001", "subject": "수학", "grade": 3, "topic": "이차방정식", "questionText": "이차방정식 x² - 5x + 6 = 0을 인수분해를 이용하여 풀고, 해를 구하시오.", "questionImageUrl": null, "correctAnswer": "x = 2 또는 x = 3", "distractors": [{"value": "x = -2 또는 x = -3", "rootCauseId": "concept_square_root", "explanation": "부호를 잘못 판단했습니다"}, {"value": "x = 1 또는 x = 6", "rootCauseId": "concept_substitution_calc", "explanation": "인수분해를 잘못했습니다"}, {"value": "x = 5", "rootCauseId": "concept_quadratic_formula", "explanation": "이차방정식을 일차방정식으로 착각했습니다"}], "difficulty": 3, "createdAt": "2025-11-19T10:00:00.000Z"},
  {"id": "prob_middle3_quadeq_002", "subject": "수학", "grade": 3, "topic": "이차방정식", "questionText": "이차방정식 x² - 9 = 0을 풀고, 해를 구하시오.", "questionImageUrl": null, "correctAnswer": "x = 3 또는 x = -3", "distractors": [{"value": "x = 3", "rootCauseId": "concept_square_root", "explanation": "음수 해를 빠뜨렸습니다"}, {"value": "x = 9", "rootCauseId": "concept_square_root", "explanation": "제곱근을 구하지 않았습니다"}, {"value": "x = 0", "rootCauseId": "concept_substitution_calc", "explanation": "방정식 풀이를 잘못했습니다"}], "difficulty": 3, "createdAt": "2025-11-19T10:00:00.000Z"},
  {"id": "prob_middle3_quadeq_003", "subject": "수학", "grade": 3, "topic": "이차방정식", "questionText": "이차방정식 x² + 6x + 9 = 0을 풀고, 해를 구하시오.", "questionImageUrl": null, "correctAnswer": "x = -3 (중근)", "distractors": [{"value": "x = 3", "rootCauseId": "concept_square_root", "explanation": "부호를 잘못 판단했습니다"}, {"value": "x = -3 또는 x = 3", "rootCauseId": "concept_quadratic_formula", "explanation": "중근을 이해하지 못했습니다"}, {"value": "x = -6", "rootCauseId": "concept_substitution_calc", "explanation": "완전제곱식 인수분해를 잘못했습니다"}], "difficulty": 3, "createdAt": "2025-11-19T10:00:00.000Z"}
]
