[
  {
    "id": "prob_middle1_rational_001",
    "subject": "수학",
    "grade": 1,
    "topic": "정수와 유리수",
    "questionText": "다음 식을 계산하시오.\n(-2) + 3 × (-4) - 6 ÷ 2",
    "questionImageUrl": null,
    "correctAnswer": "-17",
    "distractors": [
      {
        "value": "-8",
        "rootCauseId": "concept_order_of_operations",
        "explanation": "사칙연산 순서를 잘못 적용했습니다 (곱셈/나눗셈을 먼저 해야 합니다)"
      },
      {
        "value": "7",
        "rootCauseId": "concept_negative_sign_rule",
        "explanation": "음수의 부호 결정 규칙을 잘못 이해했습니다"
      },
      {
        "value": "-11",
        "rootCauseId": "concept_fraction_basic",
        "explanation": "나눗셈 계산을 잘못했습니다"
      }
    ],
    "difficulty": 3,
    "createdAt": "2025-11-19T10:00:00.000Z"
  },
  {
    "id": "prob_middle1_rational_002",
    "subject": "수학",
    "grade": 1,
    "topic": "정수와 유리수",
    "questionText": "다음 식을 계산하시오.\n5 - (-3) × 2 + 8 ÷ (-4)",
    "questionImageUrl": null,
    "correctAnswer": "9",
    "distractors": [
      {
        "value": "-1",
        "rootCauseId": "concept_negative_sign_rule",
        "explanation": "음수의 부호 결정 규칙을 잘못 이해했습니다"
      },
      {
        "value": "3",
        "rootCauseId": "concept_order_of_operations",
        "explanation": "사칙연산 순서를 잘못 적용했습니다"
      },
      {
        "value": "13",
        "rootCauseId": "concept_fraction_basic",
        "explanation": "나눗셈 계산을 잘못했습니다"
      }
    ],
    "difficulty": 3,
    "createdAt": "2025-11-19T10:00:00.000Z"
  },
  {
    "id": "prob_middle1_rational_003",
    "subject": "수학",
    "grade": 1,
    "topic": "정수와 유리수",
    "questionText": "다음 식을 계산하시오.\n(-1/2) + (3/4) × (-2) - 1",
    "questionImageUrl": null,
    "correctAnswer": "-3",
    "distractors": [
      {
        "value": "-1/4",
        "rootCauseId": "concept_negative_sign_rule",
        "explanation": "음수의 부호 결정 규칙을 잘못 이해했습니다"
      },
      {
        "value": "-5/2",
        "rootCauseId": "concept_fraction_basic",
        "explanation": "분수의 통분을 잘못했습니다"
      },
      {
        "value": "1",
        "rootCauseId": "concept_order_of_operations",
        "explanation": "사칙연산 순서를 잘못 적용했습니다"
      }
    ],
    "difficulty": 3,
    "createdAt": "2025-11-19T10:00:00.000Z"
  }
]
