[
  {
    "id": "prob_math2_deriv_001",
    "subject": "수학",
    "grade": "수2",
    "topic": "미분계수와 도함수",
    "questionText": "f(x) = (x²+1)(x-2)일 때, f'(x)를 구하시오.",
    "questionImageUrl": null,
    "correctAnswer": "3x²-4x-1",
    "distractors": [
      {
        "value": "2x+1",
        "rootCauseId": "concept_derivative_def",
        "explanation": "곱의 미분법을 적용하지 않았습니다"
      },
      {
        "value": "3x²-1",
        "rootCauseId": "concept_slope",
        "explanation": "계산 실수를 했습니다"
      },
      {
        "value": "x³-2x²+x-2",
        "rootCauseId": "concept_derivative_def",
        "explanation": "전개만 하고 미분하지 않았습니다"
      }
    ],
    "difficulty": 3,
    "createdAt": "2025-11-19T10:00:00.000Z"
  },
  {
    "id": "prob_math2_deriv_002",
    "subject": "수학",
    "grade": "수2",
    "topic": "미분계수와 도함수",
    "questionText": "f(x) = x³ + 2x² - 5일 때, f'(2) = ?",
    "questionImageUrl": null,
    "correctAnswer": "20",
    "distractors": [
      {
        "value": "12",
        "rootCauseId": "concept_derivative_def",
        "explanation": "도함수를 잘못 구했습니다"
      },
      {
        "value": "7",
        "rootCauseId": "concept_slope",
        "explanation": "f(2)를 구했습니다 (f'(2)가 아님)"
      },
      {
        "value": "16",
        "rootCauseId": "concept_derivative_def",
        "explanation": "계산 실수를 했습니다"
      }
    ],
    "difficulty": 3,
    "createdAt": "2025-11-19T10:00:00.000Z"
  },
  {
    "id": "prob_math2_deriv_003",
    "subject": "수학",
    "grade": "수2",
    "topic": "미분계수와 도함수",
    "questionText": "f(x) = (x+1)/(x-1)일 때, f'(x) = ?",
    "questionImageUrl": null,
    "correctAnswer": "-2/(x-1)²",
    "distractors": [
      {
        "value": "0",
        "rootCauseId": "concept_derivative_def",
        "explanation": "몫의 미분법을 적용하지 못했습니다"
      },
      {
        "value": "1/(x-1)²",
        "rootCauseId": "concept_slope",
        "explanation": "분자를 잘못 계산했습니다"
      },
      {
        "value": "-2/(x-1)",
        "rootCauseId": "concept_derivative_def",
        "explanation": "분모를 제곱하지 않았습니다"
      }
    ],
    "difficulty": 3,
    "createdAt": "2025-11-19T10:00:00.000Z"
  }
]
