[{"id":"prob_high1_ineq_001","subject":"수학","grade":"고1","topic":"여러 가지 부등식","questionText":"이차부등식 x²-7x+12>0의 해를 구하시오.","questionImageUrl":null,"correctAnswer":"x<3 또는 x>4","distractors":[{"value":"3<x<4","rootCauseId":"concept_quad_fn_graph","explanation":"부등호 방향을 반대로 이해했습니다"},{"value":"x≤3 또는 x≥4","rootCauseId":"concept_quadratic_inequality","explanation":"등호 포함 여부를 잘못 판단했습니다"},{"value":"x=3 또는 x=4","rootCauseId":"concept_factorization_quad","explanation":"부등식을 방정식으로 착각했습니다"}],"difficulty":3,"createdAt":"2025-11-19T10:00:00.000Z"},{"id":"prob_high1_ineq_002","subject":"수학","grade":"고1","topic":"여러 가지 부등식","questionText":"이차부등식 -x²+6x-5≥0의 해를 구하시오.","questionImageUrl":null,"correctAnswer":"1≤x≤5","distractors":[{"value":"x≤1 또는 x≥5","rootCauseId":"concept_quad_fn_graph","explanation":"위로 볼록 그래프의 영역을 잘못 판단했습니다"},{"value":"1<x<5","rootCauseId":"concept_quadratic_inequality","explanation":"등호를 빠뜨렸습니다"},{"value":"-1≤x≤5","rootCauseId":"concept_factorization_quad","explanation":"인수분해를 잘못했습니다"}],"difficulty":3,"createdAt":"2025-11-19T10:00:00.000Z"},{"id":"prob_high1_ineq_003","subject":"수학","grade":"고1","topic":"여러 가지 부등식","questionText":"이차부등식 x²-4x+4<0의 해를 구하시오.","questionImageUrl":null,"correctAnswer":"해가 없다","distractors":[{"value":"x=2","rootCauseId":"concept_quad_fn_graph","explanation":"중근과 부등식을 혼동했습니다"},{"value":"모든 x","rootCauseId":"concept_quadratic_inequality","explanation":"그래프가 항상 x축 위쪽임을 이해하지 못했습니다"},{"value":"x<2 또는 x>2","rootCauseId":"concept_factorization_quad","explanation":"중근일 때 <의 해가 없음을 이해하지 못했습니다"}],"difficulty":3,"createdAt":"2025-11-19T10:00:00.000Z"}]