[
  {"id": "prob_middle3_quadfn_001", "subject": "수학", "grade": 3, "topic": "이차함수", "questionText": "이차함수 y = x² + 4x + 3을 y = (x-p)² + q 형태로 고치고, 꼭짓점의 좌표를 구하시오.", "questionImageUrl": null, "correctAnswer": "y = (x+2)² - 1, 꼭짓점 (-2, -1)", "distractors": [{"value": "y = (x+4)² + 3, 꼭짓점 (-4, 3)", "rootCauseId": "concept_completing_square", "explanation": "완전제곱식을 만드는 방법을 잘못 이해했습니다"}, {"value": "y = (x-2)² - 1, 꼭짓점 (2, -1)", "rootCauseId": "concept_translation", "explanation": "평행이동 방향을 반대로 이해했습니다"}, {"value": "y = (x+2)² + 1, 꼭짓점 (-2, 1)", "rootCauseId": "concept_completing_square", "explanation": "상수항 계산을 잘못했습니다"}], "difficulty": 3, "createdAt": "2025-11-19T10:00:00.000Z"},
  {"id": "prob_middle3_quadfn_002", "subject": "수학", "grade": 3, "topic": "이차함수", "questionText": "이차함수 y = x² - 6x + 5의 꼭짓점 좌표를 구하시오.", "questionImageUrl": null, "correctAnswer": "(3, -4)", "distractors": [{"value": "(-3, -4)", "rootCauseId": "concept_translation", "explanation": "x좌표 부호를 잘못 판단했습니다"}, {"value": "(3, 4)", "rootCauseId": "concept_completing_square", "explanation": "y좌표를 잘못 계산했습니다"}, {"value": "(-6, 5)", "rootCauseId": "concept_vertex_form", "explanation": "꼭짓점 형태로 변형하지 않고 계수를 답으로 썼습니다"}], "difficulty": 3, "createdAt": "2025-11-19T10:00:00.000Z"},
  {"id": "prob_middle3_quadfn_003", "subject": "수학", "grade": 3, "topic": "이차함수", "questionText": "이차함수 y = (x-1)² + 2의 그래프를 그릴 때, 꼭짓점의 좌표는?", "questionImageUrl": null, "correctAnswer": "(1, 2)", "distractors": [{"value": "(-1, 2)", "rootCauseId": "concept_translation", "explanation": "x좌표 부호를 반대로 이해했습니다"}, {"value": "(1, -2)", "rootCauseId": "concept_vertex_form", "explanation": "y좌표 부호를 잘못 판단했습니다"}, {"value": "(-1, -2)", "rootCauseId": "concept_translation", "explanation": "두 좌표 모두 부호를 반대로 이해했습니다"}], "difficulty": 3, "createdAt": "2025-11-19T10:00:00.000Z"}
]
