[
  {
    "id": "prob_middle2_linearfn_001",
    "subject": "수학",
    "grade": 2,
    "topic": "일차함수",
    "questionText": "기울기가 2이고 y절편이 -3인 일차함수의 식을 구하시오.",
    "questionImageUrl": null,
    "correctAnswer": "y = 2x - 3",
    "distractors": [
      {
        "value": "y = -3x + 2",
        "rootCauseId": "concept_slope",
        "explanation": "기울기와 y절편을 바꿔서 넣었습니다"
      },
      {
        "value": "y = 2x + 3",
        "rootCauseId": "concept_y_intercept",
        "explanation": "y절편의 부호를 잘못 넣었습니다"
      },
      {
        "value": "y = -2x - 3",
        "rootCauseId": "concept_coordinate_plane",
        "explanation": "기울기의 부호를 잘못 넣었습니다"
      }
    ],
    "difficulty": 3,
    "createdAt": "2025-11-19T10:00:00.000Z"
  },
  {
    "id": "prob_middle2_linearfn_002",
    "subject": "수학",
    "grade": 2,
    "topic": "일차함수",
    "questionText": "두 점 (1, 3)과 (3, 7)을 지나는 직선의 기울기를 구하시오.",
    "questionImageUrl": null,
    "correctAnswer": "2",
    "distractors": [
      {
        "value": "4",
        "rootCauseId": "concept_slope",
        "explanation": "y 증가량만 구하고 x 증가량으로 나누지 않았습니다"
      },
      {
        "value": "1/2",
        "rootCauseId": "concept_slope",
        "explanation": "x 증가량을 y 증가량으로 나눴습니다 (역수)"
      },
      {
        "value": "3",
        "rootCauseId": "concept_coordinate_plane",
        "explanation": "기울기 계산을 잘못했습니다"
      }
    ],
    "difficulty": 3,
    "createdAt": "2025-11-19T10:00:00.000Z"
  },
  {
    "id": "prob_middle2_linearfn_003",
    "subject": "수학",
    "grade": 2,
    "topic": "일차함수",
    "questionText": "일차함수 y = -x + 4의 그래프가 x축과 만나는 점의 x좌표를 구하시오.",
    "questionImageUrl": null,
    "correctAnswer": "4",
    "distractors": [
      {
        "value": "-4",
        "rootCauseId": "concept_y_intercept",
        "explanation": "y절편과 x절편을 혼동했습니다"
      },
      {
        "value": "0",
        "rootCauseId": "concept_coordinate_plane",
        "explanation": "x축과 만나는 점에서 y=0임을 이해하지 못했습니다"
      },
      {
        "value": "-1",
        "rootCauseId": "concept_slope",
        "explanation": "기울기를 x절편으로 착각했습니다"
      }
    ],
    "difficulty": 3,
    "createdAt": "2025-11-19T10:00:00.000Z"
  }
]
