[{"id":"prob_high1_complex_001","subject":"수학","grade":"고1","topic":"복소수와 이차방정식","questionText":"이차방정식 x² - 6x + 10 = 0의 판별식 D를 구하고, 실근/허근을 판별하시오.","questionImageUrl":null,"correctAnswer":"D = -4 < 0, 서로 다른 두 허근","distractors":[{"value":"D = 4 > 0, 서로 다른 두 실근","rootCauseId":"concept_imaginary_unit","explanation":"판별식 계산을 잘못했습니다"},{"value":"D = 0, 중근","rootCauseId":"concept_quad_formula","explanation":"판별식을 잘못 계산했습니다"},{"value":"D = -4, 실근","rootCauseId":"concept_discriminant","explanation":"D<0일 때 허근임을 이해하지 못했습니다"}],"difficulty":3,"createdAt":"2025-11-19T10:00:00.000Z"},{"id":"prob_high1_complex_002","subject":"수학","grade":"고1","topic":"복소수와 이차방정식","questionText":"이차방정식 x² + 4 = 0의 해를 구하시오.","questionImageUrl":null,"correctAnswer":"x = ±2i","distractors":[{"value":"x = ±2","rootCauseId":"concept_imaginary_unit","explanation":"허수단위 i를 빠뜨렸습니다"},{"value":"x = ±4i","rootCauseId":"concept_quad_formula","explanation":"제곱근을 잘못 계산했습니다"},{"value":"해가 없다","rootCauseId":"concept_discriminant","explanation":"복소수 범위에서 해가 존재함을 이해하지 못했습니다"}],"difficulty":3,"createdAt":"2025-11-19T10:00:00.000Z"},{"id":"prob_high1_complex_003","subject":"수학","grade":"고1","topic":"복소수와 이차방정식","questionText":"이차방정식 x² + 2x + 5 = 0의 해를 구하시오.","questionImageUrl":null,"correctAnswer":"x = -1 ± 2i","distractors":[{"value":"x = -1 ± 2","rootCauseId":"concept_imaginary_unit","explanation":"허수단위 i를 빠뜨렸습니다"},{"value":"x = 1 ± 2i","rootCauseId":"concept_quad_formula","explanation":"근의 공식에서 부호를 잘못 계산했습니다"},{"value":"x = -2 ± i","rootCauseId":"concept_discriminant","explanation":"근의 공식 계산을 잘못했습니다"}],"difficulty":3,"createdAt":"2025-11-19T10:00:00.000Z"}]