[
  {
    "id": "prob_middle3_factor_001",
    "subject": "수학",
    "grade": 3,
    "topic": "인수분해",
    "questionText": "x² + 7x + 12를 인수분해하시오.",
    "questionImageUrl": null,
    "correctAnswer": "(x+3)(x+4)",
    "distractors": [
      {
        "value": "(x+2)(x+6)",
        "rootCauseId": "concept_integer_pair",
        "explanation": "곱해서 12, 더해서 7이 되는 두 수를 잘못 찾았습니다"
      },
      {
        "value": "(x+1)(x+12)",
        "rootCauseId": "concept_integer_pair",
        "explanation": "곱은 맞지만 덧셈 조건을 확인하지 않았습니다"
      },
      {
        "value": "(x+7)(x+12)",
        "rootCauseId": "concept_expansion_formula",
        "explanation": "곱셈 공식을 잘못 이해했습니다"
      }
    ],
    "difficulty": 3,
    "createdAt": "2025-11-19T10:00:00.000Z"
  },
  {
    "id": "prob_middle3_factor_002",
    "subject": "수학",
    "grade": 3,
    "topic": "인수분해",
    "questionText": "x² - 7x + 12를 인수분해하시오.",
    "questionImageUrl": null,
    "correctAnswer": "(x-3)(x-4)",
    "distractors": [
      {
        "value": "(x+3)(x+4)",
        "rootCauseId": "concept_integer_pair",
        "explanation": "부호를 잘못 판단했습니다"
      },
      {
        "value": "(x-2)(x-6)",
        "rootCauseId": "concept_integer_pair",
        "explanation": "곱해서 12, 더해서 -7이 되는 두 수를 잘못 찾았습니다"
      },
      {
        "value": "(x-1)(x-12)",
        "rootCauseId": "concept_expansion_formula",
        "explanation": "덧셈 조건을 확인하지 않았습니다"
      }
    ],
    "difficulty": 3,
    "createdAt": "2025-11-19T10:00:00.000Z"
  },
  {
    "id": "prob_middle3_factor_003",
    "subject": "수학",
    "grade": 3,
    "topic": "인수분해",
    "questionText": "x² + 2x - 15를 인수분해하시오.",
    "questionImageUrl": null,
    "correctAnswer": "(x+5)(x-3)",
    "distractors": [
      {
        "value": "(x-5)(x+3)",
        "rootCauseId": "concept_integer_pair",
        "explanation": "부호를 반대로 넣었습니다"
      },
      {
        "value": "(x+15)(x-1)",
        "rootCauseId": "concept_integer_pair",
        "explanation": "곱해서 -15, 더해서 2가 되는 두 수를 잘못 찾았습니다"
      },
      {
        "value": "(x+2)(x-15)",
        "rootCauseId": "concept_expansion_formula",
        "explanation": "계수와 상수항을 혼동했습니다"
      }
    ],
    "difficulty": 3,
    "createdAt": "2025-11-19T10:00:00.000Z"
  }
]
