[{"id":"prob_high1_perm_001","subject":"수학","grade":"고1","topic":"순열과 조합","questionText":"서로 다른 5개 중 3개를 뽑아 일렬로 나열하는 경우의 수 ₅P₃을 구하시오.","questionImageUrl":null,"correctAnswer":"60","distractors":[{"value":"10","rootCauseId":"concept_factorial","explanation":"순열과 조합을 혼동했습니다 (₅C₃)"},{"value":"15","rootCauseId":"concept_perm_comb_calc","explanation":"계산을 잘못했습니다"},{"value":"120","rootCauseId":"concept_case_count","explanation":"5!를 답으로 썼습니다"}],"difficulty":3,"createdAt":"2025-11-19T10:00:00.000Z"},{"id":"prob_high1_perm_002","subject":"수학","grade":"고1","topic":"순열과 조합","questionText":"서로 다른 6개 중 2개를 선택하는 경우의 수 ₆C₂를 구하시오.","questionImageUrl":null,"correctAnswer":"15","distractors":[{"value":"30","rootCauseId":"concept_factorial","explanation":"조합과 순열을 혼동했습니다 (₆P₂)"},{"value":"12","rootCauseId":"concept_perm_comb_calc","explanation":"계산을 잘못했습니다"},{"value":"6","rootCauseId":"concept_case_count","explanation":"공식을 잘못 적용했습니다"}],"difficulty":3,"createdAt":"2025-11-19T10:00:00.000Z"},{"id":"prob_high1_perm_003","subject":"수학","grade":"고1","topic":"순열과 조합","questionText":"서로 다른 4개를 모두 일렬로 나열하는 경우의 수를 구하시오.","questionImageUrl":null,"correctAnswer":"24","distractors":[{"value":"12","rootCauseId":"concept_factorial","explanation":"4!/2를 계산했습니다"},{"value":"16","rootCauseId":"concept_perm_comb_calc","explanation":"4²을 계산했습니다"},{"value":"4","rootCauseId":"concept_case_count","explanation":"경우의 수 개념을 이해하지 못했습니다"}],"difficulty":3,"createdAt":"2025-11-19T10:00:00.000Z"}]