[
  {
    "id": "prob_middle1_linear_eq_001",
    "subject": "수학",
    "grade": 1,
    "topic": "일차방정식",
    "questionText": "일차방정식 3x - 5 = x + 7을 풀어 x의 값을 구하시오.",
    "questionImageUrl": null,
    "correctAnswer": "x = 6",
    "distractors": [
      {
        "value": "x = 2",
        "rootCauseId": "concept_transposition",
        "explanation": "이항할 때 부호를 바꾸지 않았습니다"
      },
      {
        "value": "x = 3",
        "rootCauseId": "concept_like_terms",
        "explanation": "동류항을 잘못 계산했습니다"
      },
      {
        "value": "x = 12",
        "rootCauseId": "concept_transposition",
        "explanation": "양변을 x의 계수로 나누는 것을 빠뜨렸습니다"
      }
    ],
    "difficulty": 3,
    "createdAt": "2025-11-19T10:00:00.000Z"
  },
  {
    "id": "prob_middle1_linear_eq_002",
    "subject": "수학",
    "grade": 1,
    "topic": "일차방정식",
    "questionText": "일차방정식 2x + 3 = 5x - 9를 풀어 x의 값을 구하시오.",
    "questionImageUrl": null,
    "correctAnswer": "x = 4",
    "distractors": [
      {
        "value": "x = -4",
        "rootCauseId": "concept_transposition",
        "explanation": "이항할 때 부호를 잘못 바꿨습니다"
      },
      {
        "value": "x = 2",
        "rootCauseId": "concept_like_terms",
        "explanation": "동류항을 잘못 계산했습니다"
      },
      {
        "value": "x = -12",
        "rootCauseId": "concept_transposition",
        "explanation": "양변을 x의 계수로 나누는 것을 빠뜨렸습니다"
      }
    ],
    "difficulty": 3,
    "createdAt": "2025-11-19T10:00:00.000Z"
  },
  {
    "id": "prob_middle1_linear_eq_003",
    "subject": "수학",
    "grade": 1,
    "topic": "일차방정식",
    "questionText": "일차방정식 4x - 7 = 2x + 5를 풀어 x의 값을 구하시오.",
    "questionImageUrl": null,
    "correctAnswer": "x = 6",
    "distractors": [
      {
        "value": "x = -1",
        "rootCauseId": "concept_transposition",
        "explanation": "이항할 때 부호를 잘못 바꿨습니다"
      },
      {
        "value": "x = 3",
        "rootCauseId": "concept_like_terms",
        "explanation": "동류항을 잘못 계산했습니다"
      },
      {
        "value": "x = 12",
        "rootCauseId": "concept_transposition",
        "explanation": "양변을 x의 계수로 나누는 것을 빠뜨렸습니다"
      }
    ],
    "difficulty": 3,
    "createdAt": "2025-11-19T10:00:00.000Z"
  }
]
