[
  {
    "id": "prob_middle2_poly_001",
    "subject": "수학",
    "grade": 2,
    "topic": "단항식과 다항식",
    "questionText": "다음 식을 간단히 하시오.\n(2x²y) × (3xy³)",
    "questionImageUrl": null,
    "correctAnswer": "6x³y⁴",
    "distractors": [
      {
        "value": "5x³y⁴",
        "rootCauseId": "concept_like_terms_poly",
        "explanation": "계수의 곱셈을 잘못 계산했습니다"
      },
      {
        "value": "6x²y³",
        "rootCauseId": "concept_exponent_multiplication",
        "explanation": "지수법칙을 잘못 적용했습니다 (지수를 더해야 함)"
      },
      {
        "value": "6x²y⁴",
        "rootCauseId": "concept_exponent_multiplication",
        "explanation": "x의 지수를 더하지 않았습니다"
      }
    ],
    "difficulty": 3,
    "createdAt": "2025-11-19T10:00:00.000Z"
  },
  {
    "id": "prob_middle2_poly_002",
    "subject": "수학",
    "grade": 2,
    "topic": "단항식과 다항식",
    "questionText": "다음 식을 간단히 하시오.\n(12a⁴b²) ÷ (3ab)",
    "questionImageUrl": null,
    "correctAnswer": "4a³b",
    "distractors": [
      {
        "value": "9a³b",
        "rootCauseId": "concept_like_terms_poly",
        "explanation": "계수의 나눗셈을 잘못 계산했습니다"
      },
      {
        "value": "4a⁴b²",
        "rootCauseId": "concept_exponent_multiplication",
        "explanation": "지수법칙을 잘못 적용했습니다 (지수를 빼야 함)"
      },
      {
        "value": "4a⁵b³",
        "rootCauseId": "concept_exponent_multiplication",
        "explanation": "나눗셈인데 지수를 더했습니다"
      }
    ],
    "difficulty": 3,
    "createdAt": "2025-11-19T10:00:00.000Z"
  },
  {
    "id": "prob_middle2_poly_003",
    "subject": "수학",
    "grade": 2,
    "topic": "단항식과 다항식",
    "questionText": "다음 식을 간단히 하시오.\n(2xy²)³",
    "questionImageUrl": null,
    "correctAnswer": "8x³y⁶",
    "distractors": [
      {
        "value": "6x³y⁶",
        "rootCauseId": "concept_like_terms_poly",
        "explanation": "계수의 거듭제곱을 잘못 계산했습니다 (2³=8)"
      },
      {
        "value": "8xy⁶",
        "rootCauseId": "concept_exponent_multiplication",
        "explanation": "x의 지수를 곱하지 않았습니다"
      },
      {
        "value": "8x³y⁵",
        "rootCauseId": "concept_exponent_multiplication",
        "explanation": "y의 지수 계산이 잘못되었습니다 (2×3=6)"
      }
    ],
    "difficulty": 3,
    "createdAt": "2025-11-19T10:00:00.000Z"
  }
]
