[{"id":"prob_math1_log_001","subject":"수학","grade":"수1","topic":"지수와 로그","questionText":"log₂ 4 + log₂ 8을 간단히 하시오.","questionImageUrl":null,"correctAnswer":"5","distractors":[{"value":"log₂ 12","rootCauseId":"concept_exponent_laws","explanation":"로그의 덧셈 성질을 잘못 이해했습니다"},{"value":"log₂ 32","rootCauseId":"concept_log_properties","explanation":"진수만 곱했지만 최종 답을 간단히 하지 않았습니다"},{"value":"3","rootCauseId":"concept_log_meaning","explanation":"각 로그 값을 잘못 계산했습니다"}],"difficulty":3,"createdAt":"2025-11-19T10:00:00.000Z"},{"id":"prob_math1_log_002","subject":"수학","grade":"수1","topic":"지수와 로그","questionText":"log₃ 27 - log₃ 9를 계산하시오.","questionImageUrl":null,"correctAnswer":"1","distractors":[{"value":"log₃ 18","rootCauseId":"concept_log_properties","explanation":"로그의 뺄셈 성질을 잘못 이해했습니다"},{"value":"log₃ 3","rootCauseId":"concept_exponent_laws","explanation":"진수만 나눴지만 최종 답을 간단히 하지 않았습니다"},{"value":"0","rootCauseId":"concept_log_meaning","explanation":"로그 값을 잘못 계산했습니다"}],"difficulty":3,"createdAt":"2025-11-19T10:00:00.000Z"},{"id":"prob_math1_log_003","subject":"수학","grade":"수1","topic":"지수와 로그","questionText":"2log₅ 5 + log₅ 25를 간단히 하시오.","questionImageUrl":null,"correctAnswer":"4","distractors":[{"value":"log₅ 50","rootCauseId":"concept_log_properties","explanation":"로그의 성질을 잘못 적용했습니다"},{"value":"3","rootCauseId":"concept_exponent_laws","explanation":"계산 실수를 했습니다"},{"value":"log₅ 125","rootCauseId":"concept_log_meaning","explanation":"최종 답을 간단히 하지 않았습니다"}],"difficulty":3,"createdAt":"2025-11-19T10:00:00.000Z"}]