{
  "id": "kg_middle1_prime_factorization",
  "name": "중1 수학 - 소인수분해",
  "subject": "수학",
  "grade": "중1",
  "rootNodeIds": ["concept_divisor_count"],
  "nodes": {
    "concept_divisor_count": {
      "id": "concept_divisor_count",
      "name": "약수의 개수 구하기",
      "description": "소인수분해를 이용하여 약수의 개수를 구하는 방법",
      "subject": "수학",
      "grade": "중1",
      "level": 3,
      "parentId": null,
      "childIds": [
        "concept_prime_factorization",
        "concept_exponent_notation"
      ],
      "prerequisiteIds": [
        "concept_prime_factorization",
        "concept_exponent_notation"
      ],
      "relatedProblemIds": [
        "prob_middle1_prime_fact_001",
        "prob_middle1_prime_fact_002",
        "prob_middle1_prime_fact_003"
      ]
    },
    "concept_prime_factorization": {
      "id": "concept_prime_factorization",
      "name": "소인수분해",
      "description": "자연수를 소인수들의 곱으로 나타내는 것",
      "subject": "수학",
      "grade": "중1",
      "level": 2,
      "parentId": "concept_divisor_count",
      "childIds": [
        "concept_prime_number",
        "concept_division"
      ],
      "prerequisiteIds": [
        "concept_prime_number",
        "concept_division"
      ],
      "relatedProblemIds": []
    },
    "concept_exponent_notation": {
      "id": "concept_exponent_notation",
      "name": "거듭제곱",
      "description": "같은 수를 여러 번 곱한 것을 간단히 나타내는 표현 (예: 2³ = 2×2×2)",
      "subject": "수학",
      "grade": "중1",
      "level": 2,
      "parentId": "concept_divisor_count",
      "childIds": [
        "concept_multiplication"
      ],
      "prerequisiteIds": [
        "concept_multiplication"
      ],
      "relatedProblemIds": []
    },
    "concept_prime_number": {
      "id": "concept_prime_number",
      "name": "소수",
      "description": "1과 자기 자신만을 약수로 가지는 수 (2, 3, 5, 7, 11, ...)",
      "subject": "수학",
      "grade": "중1",
      "level": 1,
      "parentId": "concept_prime_factorization",
      "childIds": [
        "concept_multiplication"
      ],
      "prerequisiteIds": [],
      "relatedProblemIds": []
    },
    "concept_division": {
      "id": "concept_division",
      "name": "나눗셈",
      "description": "한 수를 다른 수로 나누는 연산",
      "subject": "수학",
      "grade": "초등",
      "level": 1,
      "parentId": "concept_prime_factorization",
      "childIds": [],
      "prerequisiteIds": [],
      "relatedProblemIds": []
    },
    "concept_multiplication": {
      "id": "concept_multiplication",
      "name": "곱셈 (구구단)",
      "description": "같은 수를 여러 번 더하는 연산. 구구단을 포함",
      "subject": "수학",
      "grade": "초등",
      "level": 1,
      "parentId": "concept_exponent_notation",
      "childIds": [],
      "prerequisiteIds": [],
      "relatedProblemIds": []
    }
  }
}
