{"id":"kg_high1_quad_eq_fn","name":"고1(상) - 이차방정식과 이차함수","subject":"수학","grade":"고1","rootNodeIds":["concept_x_intercept"],"nodes":{"concept_x_intercept":{"id":"concept_x_intercept","name":"x절편과 이차방정식의 관계","description":"y=0일 때 x값 = 이차방정식의 해","subject":"수학","grade":"고1","level":3,"parentId":null,"childIds":["concept_quad_real_roots","concept_vertex_axis"],"prerequisiteIds":["concept_quad_real_roots"],"relatedProblemIds":["prob_high1_quadeqfn_001","prob_high1_quadeqfn_002","prob_high1_quadeqfn_003"]},"concept_quad_real_roots":{"id":"concept_quad_real_roots","name":"이차방정식의 실근","description":"ax²+bx+c=0의 해 구하기","subject":"수학","grade":"중3","level":2,"parentId":"concept_x_intercept","childIds":["concept_vertex_axis"],"prerequisiteIds":[],"relatedProblemIds":[]},"concept_vertex_axis":{"id":"concept_vertex_axis","name":"꼭짓점과 축","description":"이차함수의 꼭짓점과 대칭축","subject":"수학","grade":"중3","level":1,"parentId":"concept_quad_real_roots","childIds":[],"prerequisiteIds":[],"relatedProblemIds":[]}}}