{
  "id": "kg_math2_limit",
  "name": "수학II - 함수의 극한",
  "subject": "수학",
  "grade": "수2",
  "rootNodeIds": ["concept_limit_calc"],
  "nodes": {
    "concept_limit_calc": {
      "id": "concept_limit_calc",
      "name": "극한값 계산",
      "description": "부정형 0/0, ∞/∞ 처리 (인수분해, 유리화)",
      "subject": "수학",
      "grade": "수2",
      "level": 3,
      "parentId": null,
      "childIds": ["concept_limit_property", "concept_function_value"],
      "prerequisiteIds": ["concept_limit_property"],
      "relatedProblemIds": ["prob_math2_limit_001", "prob_math2_limit_002", "prob_math2_limit_003"]
    },
    "concept_limit_property": {
      "id": "concept_limit_property",
      "name": "극한의 성질",
      "description": "lim(f+g) = lim f + lim g, lim(cf) = c·lim f",
      "subject": "수학",
      "grade": "수2",
      "level": 2,
      "parentId": "concept_limit_calc",
      "childIds": ["concept_function_value"],
      "prerequisiteIds": [],
      "relatedProblemIds": []
    },
    "concept_function_value": {
      "id": "concept_function_value",
      "name": "함수값 대입",
      "description": "f(a)를 구하기 위해 x=a 대입",
      "subject": "수학",
      "grade": "중3",
      "level": 1,
      "parentId": "concept_limit_property",
      "childIds": [],
      "prerequisiteIds": [],
      "relatedProblemIds": []
    }
  }
}
