{
  "id": "kg_high1_remainder_theorem",
  "name": "고1(상) - 나머지정리",
  "subject": "수학",
  "grade": "고1",
  "rootNodeIds": ["concept_remainder_theorem"],
  "nodes": {
    "concept_remainder_theorem": {
      "id": "concept_remainder_theorem",
      "name": "나머지정리",
      "description": "다항식 f(x)를 x-a로 나눈 나머지는 f(a)",
      "subject": "수학",
      "grade": "고1",
      "level": 3,
      "parentId": null,
      "childIds": ["concept_identity", "concept_poly_division"],
      "prerequisiteIds": ["concept_identity"],
      "relatedProblemIds": ["prob_high1_remainder_001", "prob_high1_remainder_002", "prob_high1_remainder_003"]
    },
    "concept_identity": {
      "id": "concept_identity",
      "name": "항등식",
      "description": "x의 모든 값에 대해 성립하는 등식",
      "subject": "수학",
      "grade": "고1",
      "level": 2,
      "parentId": "concept_remainder_theorem",
      "childIds": ["concept_poly_division"],
      "prerequisiteIds": [],
      "relatedProblemIds": []
    },
    "concept_poly_division": {
      "id": "concept_poly_division",
      "name": "다항식의 나눗셈",
      "description": "다항식을 다항식으로 나누는 연산",
      "subject": "수학",
      "grade": "중2",
      "level": 1,
      "parentId": "concept_identity",
      "childIds": [],
      "prerequisiteIds": [],
      "relatedProblemIds": []
    }
  }
}
