{
  "id": "kg_middle2_linear_function",
  "name": "중2 수학 - 일차함수",
  "subject": "수학",
  "grade": "중2",
  "rootNodeIds": ["concept_linear_function_graph"],
  "nodes": {
    "concept_linear_function_graph": {
      "id": "concept_linear_function_graph",
      "name": "일차함수 그래프 그리기",
      "description": "y = ax + b 형태 함수의 그래프를 기울기와 y절편을 이용하여 그리기",
      "subject": "수학",
      "grade": "중2",
      "level": 3,
      "parentId": null,
      "childIds": ["concept_slope", "concept_y_intercept"],
      "prerequisiteIds": ["concept_slope", "concept_y_intercept"],
      "relatedProblemIds": ["prob_middle2_linearfn_001", "prob_middle2_linearfn_002", "prob_middle2_linearfn_003"]
    },
    "concept_slope": {
      "id": "concept_slope",
      "name": "기울기",
      "description": "두 점 사이의 y 증가량 / x 증가량 (a = (y₂-y₁)/(x₂-x₁))",
      "subject": "수학",
      "grade": "중2",
      "level": 2,
      "parentId": "concept_linear_function_graph",
      "childIds": ["concept_coordinate_plane"],
      "prerequisiteIds": ["concept_coordinate_plane"],
      "relatedProblemIds": []
    },
    "concept_y_intercept": {
      "id": "concept_y_intercept",
      "name": "y절편",
      "description": "그래프가 y축과 만나는 점의 y좌표 (x=0일 때 y값)",
      "subject": "수학",
      "grade": "중2",
      "level": 2,
      "parentId": "concept_linear_function_graph",
      "childIds": ["concept_coordinate_plane"],
      "prerequisiteIds": [],
      "relatedProblemIds": []
    },
    "concept_coordinate_plane": {
      "id": "concept_coordinate_plane",
      "name": "좌표평면",
      "description": "x축과 y축으로 이루어진 평면에 점 (x, y)를 표시",
      "subject": "수학",
      "grade": "중1",
      "level": 1,
      "parentId": "concept_slope",
      "childIds": [],
      "prerequisiteIds": [],
      "relatedProblemIds": []
    }
  }
}
