{
  "id": "kg_probstat_statistics",
  "name": "확률과 통계 - 통계",
  "subject": "수학",
  "grade": "확통",
  "rootNodeIds": ["concept_normal_dist"],
  "nodes": {
    "concept_normal_dist": {
      "id": "concept_normal_dist",
      "name": "정규분포와 표본분포",
      "description": "N(μ,σ²), P(μ-σ≤X≤μ+σ)≈0.68, 표본평균의 분포",
      "subject": "수학",
      "grade": "확통",
      "level": 3,
      "parentId": null,
      "childIds": ["concept_std_dev", "concept_mean"],
      "prerequisiteIds": ["concept_std_dev"],
      "relatedProblemIds": ["prob_probstat_stat_001", "prob_probstat_stat_002", "prob_probstat_stat_003"]
    },
    "concept_std_dev": {
      "id": "concept_std_dev",
      "name": "표준편차",
      "description": "σ = √[(Σ(xᵢ-μ)²)/n], 데이터의 흩어진 정도",
      "subject": "수학",
      "grade": "확통",
      "level": 2,
      "parentId": "concept_normal_dist",
      "childIds": ["concept_mean"],
      "prerequisiteIds": [],
      "relatedProblemIds": []
    },
    "concept_mean": {
      "id": "concept_mean",
      "name": "평균",
      "description": "μ = (x₁+x₂+...+xₙ)/n",
      "subject": "수학",
      "grade": "중1",
      "level": 1,
      "parentId": "concept_std_dev",
      "childIds": [],
      "prerequisiteIds": [],
      "relatedProblemIds": []
    }
  }
}
