{"id":"kg_high1_various_inequalities","name":"고1(상) - 여러 가지 부등식","subject":"수학","grade":"고1","rootNodeIds":["concept_quadratic_inequality"],"nodes":{"concept_quadratic_inequality":{"id":"concept_quadratic_inequality","name":"이차부등식 해법","description":"이차함수 그래프를 이용한 이차부등식 풀이","subject":"수학","grade":"고1","level":3,"parentId":null,"childIds":["concept_quad_fn_graph","concept_factorization_quad"],"prerequisiteIds":["concept_quad_fn_graph"],"relatedProblemIds":["prob_high1_ineq_001","prob_high1_ineq_002","prob_high1_ineq_003"]},"concept_quad_fn_graph":{"id":"concept_quad_fn_graph","name":"이차함수 그래프","description":"이차함수의 개형과 위/아래 영역","subject":"수학","grade":"중3","level":2,"parentId":"concept_quadratic_inequality","childIds":["concept_factorization_quad"],"prerequisiteIds":[],"relatedProblemIds":[]},"concept_factorization_quad":{"id":"concept_factorization_quad","name":"이차식 인수분해","description":"x²+bx+c를 (x+p)(x+q)로 변형","subject":"수학","grade":"중3","level":1,"parentId":"concept_quad_fn_graph","childIds":[],"prerequisiteIds":[],"relatedProblemIds":[]}}}