{"id":"kg_math1_exponential_logarithm","name":"수학I - 지수와 로그","subject":"수학","grade":"수1","rootNodeIds":["concept_log_properties"],"nodes":{"concept_log_properties":{"id":"concept_log_properties","name":"로그의 성질","description":"log(ab)=log a+log b, log(a/b)=log a-log b","subject":"수학","grade":"수1","level":3,"parentId":null,"childIds":["concept_exponent_laws","concept_log_meaning"],"prerequisiteIds":["concept_exponent_laws"],"relatedProblemIds":["prob_math1_log_001","prob_math1_log_002","prob_math1_log_003"]},"concept_exponent_laws":{"id":"concept_exponent_laws","name":"지수법칙","description":"aᵐ×aⁿ=aᵐ⁺ⁿ, (aᵐ)ⁿ=aᵐⁿ","subject":"수학","grade":"중2","level":2,"parentId":"concept_log_properties","childIds":["concept_log_meaning"],"prerequisiteIds":[],"relatedProblemIds":[]},"concept_log_meaning":{"id":"concept_log_meaning","name":"로그의 정의","description":"log_a b = c ⟺ aᶜ = b","subject":"수학","grade":"수1","level":1,"parentId":"concept_exponent_laws","childIds":[],"prerequisiteIds":[],"relatedProblemIds":[]}}}