{"id":"kg_high1_complex_quad","name":"고1(상) - 복소수와 이차방정식","subject":"수학","grade":"고1","rootNodeIds":["concept_discriminant"],"nodes":{"concept_discriminant":{"id":"concept_discriminant","name":"판별식 D","description":"b²-4ac로 이차방정식의 실근/허근 판별","subject":"수학","grade":"고1","level":3,"parentId":null,"childIds":["concept_imaginary_unit","concept_quad_formula"],"prerequisiteIds":["concept_imaginary_unit"],"relatedProblemIds":["prob_high1_complex_001","prob_high1_complex_002","prob_high1_complex_003"]},"concept_imaginary_unit":{"id":"concept_imaginary_unit","name":"허수단위 i","description":"i² = -1, i⁴ = 1 (주기 4)","subject":"수학","grade":"고1","level":2,"parentId":"concept_discriminant","childIds":["concept_quad_formula"],"prerequisiteIds":[],"relatedProblemIds":[]},"concept_quad_formula":{"id":"concept_quad_formula","name":"이차방정식 근의 공식","description":"x = (-b ± √D) / 2a","subject":"수학","grade":"중3","level":1,"parentId":"concept_imaginary_unit","childIds":[],"prerequisiteIds":[],"relatedProblemIds":[]}}}