{
  "id": "kg_middle2_simultaneous_equations",
  "name": "중2 수학 - 연립방정식",
  "subject": "수학",
  "grade": "중2",
  "rootNodeIds": ["concept_simultaneous_solving"],
  "nodes": {
    "concept_simultaneous_solving": {
      "id": "concept_simultaneous_solving",
      "name": "연립방정식 풀이",
      "description": "두 미지수를 포함한 두 개의 일차방정식을 동시에 만족하는 해 구하기",
      "subject": "수학",
      "grade": "중2",
      "level": 3,
      "parentId": null,
      "childIds": ["concept_elimination", "concept_substitution"],
      "prerequisiteIds": ["concept_elimination", "concept_substitution"],
      "relatedProblemIds": ["prob_middle2_simul_001", "prob_middle2_simul_002", "prob_middle2_simul_003"]
    },
    "concept_elimination": {
      "id": "concept_elimination",
      "name": "가감법",
      "description": "두 식을 더하거나 빼서 한 미지수를 소거하는 방법",
      "subject": "수학",
      "grade": "중2",
      "level": 2,
      "parentId": "concept_simultaneous_solving",
      "childIds": ["concept_linear_equation_solving"],
      "prerequisiteIds": ["concept_linear_equation_solving"],
      "relatedProblemIds": []
    },
    "concept_substitution": {
      "id": "concept_substitution",
      "name": "대입법",
      "description": "한 식을 다른 식에 대입하여 미지수 하나를 소거하는 방법",
      "subject": "수학",
      "grade": "중2",
      "level": 2,
      "parentId": "concept_simultaneous_solving",
      "childIds": ["concept_linear_equation_solving"],
      "prerequisiteIds": [],
      "relatedProblemIds": []
    },
    "concept_linear_equation_solving": {
      "id": "concept_linear_equation_solving",
      "name": "일차방정식 풀이",
      "description": "ax + b = c 형태의 방정식 풀기",
      "subject": "수학",
      "grade": "중1",
      "level": 1,
      "parentId": "concept_elimination",
      "childIds": [],
      "prerequisiteIds": [],
      "relatedProblemIds": []
    }
  }
}
