{"id":"kg_high1_rational_irrational_fn","name":"고1(하) - 유리함수와 무리함수","subject":"수학","grade":"고1","rootNodeIds":["concept_asymptote"],"nodes":{"concept_asymptote":{"id":"concept_asymptote","name":"점근선","description":"유리함수 y=k/(x-p)+q의 점근선 x=p, y=q","subject":"수학","grade":"고1","level":3,"parentId":null,"childIds":["concept_rational_expr","concept_inverse_proportion"],"prerequisiteIds":["concept_rational_expr"],"relatedProblemIds":["prob_high1_rational_001","prob_high1_rational_002","prob_high1_rational_003"]},"concept_rational_expr":{"id":"concept_rational_expr","name":"유리식의 변형","description":"대분수 형태로 변형 (가분수→대분수)","subject":"수학","grade":"고1","level":2,"parentId":"concept_asymptote","childIds":["concept_inverse_proportion"],"prerequisiteIds":[],"relatedProblemIds":[]},"concept_inverse_proportion":{"id":"concept_inverse_proportion","name":"반비례","description":"y=k/x의 그래프","subject":"수학","grade":"중1","level":1,"parentId":"concept_rational_expr","childIds":[],"prerequisiteIds":[],"relatedProblemIds":[]}}}