{
  "id": "kg_middle3_quadratic_function",
  "name": "중3 수학 - 이차함수",
  "subject": "수학",
  "grade": "중3",
  "rootNodeIds": ["concept_vertex_form"],
  "nodes": {
    "concept_vertex_form": {
      "id": "concept_vertex_form",
      "name": "이차함수 꼭짓점 형태",
      "description": "y = a(x-p)² + q에서 꼭짓점 (p, q) 구하기",
      "subject": "수학",
      "grade": "중3",
      "level": 3,
      "parentId": null,
      "childIds": ["concept_completing_square", "concept_translation"],
      "prerequisiteIds": ["concept_completing_square"],
      "relatedProblemIds": ["prob_middle3_quadfn_001", "prob_middle3_quadfn_002", "prob_middle3_quadfn_003"]
    },
    "concept_completing_square": {
      "id": "concept_completing_square",
      "name": "완전제곱식 만들기",
      "description": "x² + bx를 (x + b/2)² - (b/2)²로 변형",
      "subject": "수학",
      "grade": "중3",
      "level": 2,
      "parentId": "concept_vertex_form",
      "childIds": ["concept_translation"],
      "prerequisiteIds": [],
      "relatedProblemIds": []
    },
    "concept_translation": {
      "id": "concept_translation",
      "name": "그래프의 평행이동",
      "description": "y = x²의 그래프를 평행이동한 형태 이해",
      "subject": "수학",
      "grade": "중2",
      "level": 1,
      "parentId": "concept_completing_square",
      "childIds": [],
      "prerequisiteIds": [],
      "relatedProblemIds": []
    }
  }
}
