{
  "id": "kg_math2_derivative_application",
  "name": "수학II - 도함수의 활용",
  "subject": "수학",
  "grade": "수2",
  "rootNodeIds": ["concept_extremum"],
  "nodes": {
    "concept_extremum": {
      "id": "concept_extremum",
      "name": "함수의 극값과 최대최소",
      "description": "f'(x)=0인 점에서 극값, 구간에서 최대최소 구하기",
      "subject": "수학",
      "grade": "수2",
      "level": 3,
      "parentId": null,
      "childIds": ["concept_derivative_sign", "concept_quad_extremum"],
      "prerequisiteIds": ["concept_derivative_sign"],
      "relatedProblemIds": ["prob_math2_derivapp_001", "prob_math2_derivapp_002", "prob_math2_derivapp_003"]
    },
    "concept_derivative_sign": {
      "id": "concept_derivative_sign",
      "name": "도함수의 부호",
      "description": "f'(x)>0이면 증가, f'(x)<0이면 감소",
      "subject": "수학",
      "grade": "수2",
      "level": 2,
      "parentId": "concept_extremum",
      "childIds": ["concept_quad_extremum"],
      "prerequisiteIds": [],
      "relatedProblemIds": []
    },
    "concept_quad_extremum": {
      "id": "concept_quad_extremum",
      "name": "이차함수의 최대최소",
      "description": "y=a(x-p)²+q의 최댓값/최솟값은 q (꼭짓점)",
      "subject": "수학",
      "grade": "중3",
      "level": 1,
      "parentId": "concept_derivative_sign",
      "childIds": [],
      "prerequisiteIds": [],
      "relatedProblemIds": []
    }
  }
}
