{"id":"kg_high1_permutation_combination","name":"고1(하) - 순열과 조합","subject":"수학","grade":"고1","rootNodeIds":["concept_perm_comb_calc"],"nodes":{"concept_perm_comb_calc":{"id":"concept_perm_comb_calc","name":"순열과 조합 계산","description":"ₙPᵣ = n!/(n-r)!, ₙCᵣ = n!/[r!(n-r)!]","subject":"수학","grade":"고1","level":3,"parentId":null,"childIds":["concept_factorial","concept_case_count"],"prerequisiteIds":["concept_factorial"],"relatedProblemIds":["prob_high1_perm_001","prob_high1_perm_002","prob_high1_perm_003"]},"concept_factorial":{"id":"concept_factorial","name":"계승 (!)","description":"n! = n×(n-1)×...×2×1","subject":"수학","grade":"고1","level":2,"parentId":"concept_perm_comb_calc","childIds":["concept_case_count"],"prerequisiteIds":[],"relatedProblemIds":[]},"concept_case_count":{"id":"concept_case_count","name":"경우의 수","description":"가능한 경우를 세는 방법 (가지치기)","subject":"수학","grade":"중2","level":1,"parentId":"concept_factorial","childIds":[],"prerequisiteIds":[],"relatedProblemIds":[]}}}