{
  "id": "kg_math1_sequence",
  "name": "수학I - 수열",
  "subject": "수학",
  "grade": "수1",
  "rootNodeIds": ["concept_sequence_sum"],
  "nodes": {
    "concept_sequence_sum": {
      "id": "concept_sequence_sum",
      "name": "등차수열과 등비수열의 합",
      "description": "Sₙ = n(a₁+aₙ)/2, Sₙ = a₁(1-rⁿ)/(1-r)",
      "subject": "수학",
      "grade": "수1",
      "level": 3,
      "parentId": null,
      "childIds": ["concept_sequence_term", "concept_sequence_def"],
      "prerequisiteIds": ["concept_sequence_term"],
      "relatedProblemIds": ["prob_math1_seq_001", "prob_math1_seq_002", "prob_math1_seq_003"]
    },
    "concept_sequence_term": {
      "id": "concept_sequence_term",
      "name": "수열의 일반항",
      "description": "aₙ = a₁ + (n-1)d, aₙ = a₁rⁿ⁻¹",
      "subject": "수학",
      "grade": "수1",
      "level": 2,
      "parentId": "concept_sequence_sum",
      "childIds": ["concept_sequence_def"],
      "prerequisiteIds": [],
      "relatedProblemIds": []
    },
    "concept_sequence_def": {
      "id": "concept_sequence_def",
      "name": "수열의 정의",
      "description": "일정한 규칙에 따라 나열된 수의 열",
      "subject": "수학",
      "grade": "중2",
      "level": 1,
      "parentId": "concept_sequence_term",
      "childIds": [],
      "prerequisiteIds": [],
      "relatedProblemIds": []
    }
  }
}
