{
  "id": "kg_probstat_probability",
  "name": "확률과 통계 - 확률",
  "subject": "수학",
  "grade": "확통",
  "rootNodeIds": ["concept_conditional_prob"],
  "nodes": {
    "concept_conditional_prob": {
      "id": "concept_conditional_prob",
      "name": "조건부확률과 독립",
      "description": "P(A|B) = P(A∩B)/P(B), 독립: P(A∩B) = P(A)P(B)",
      "subject": "수학",
      "grade": "확통",
      "level": 3,
      "parentId": null,
      "childIds": ["concept_prob_rule", "concept_prob_def"],
      "prerequisiteIds": ["concept_prob_rule"],
      "relatedProblemIds": ["prob_probstat_prob_001", "prob_probstat_prob_002", "prob_probstat_prob_003"]
    },
    "concept_prob_rule": {
      "id": "concept_prob_rule",
      "name": "확률의 법칙",
      "description": "P(A∪B) = P(A)+P(B)-P(A∩B), P(A∩B) = P(A)P(B|A)",
      "subject": "수학",
      "grade": "확통",
      "level": 2,
      "parentId": "concept_conditional_prob",
      "childIds": ["concept_prob_def"],
      "prerequisiteIds": [],
      "relatedProblemIds": []
    },
    "concept_prob_def": {
      "id": "concept_prob_def",
      "name": "확률의 정의",
      "description": "P(A) = (A의 경우의 수)/(전체 경우의 수)",
      "subject": "수학",
      "grade": "중3",
      "level": 1,
      "parentId": "concept_prob_rule",
      "childIds": [],
      "prerequisiteIds": [],
      "relatedProblemIds": []
    }
  }
}
