{
  "id": "kg_middle2_linear_inequality",
  "name": "중2 수학 - 일차부등식",
  "subject": "수학",
  "grade": "중2",
  "rootNodeIds": ["concept_linear_inequality_solving"],
  "nodes": {
    "concept_linear_inequality_solving": {
      "id": "concept_linear_inequality_solving",
      "name": "일차부등식 풀이",
      "description": "ax + b > c 또는 ax + b < c 형태의 부등식을 풀어 해 구하기",
      "subject": "수학",
      "grade": "중2",
      "level": 3,
      "parentId": null,
      "childIds": ["concept_inequality_property", "concept_linear_equation_basic"],
      "prerequisiteIds": ["concept_inequality_property", "concept_linear_equation_basic"],
      "relatedProblemIds": ["prob_middle2_ineq_001", "prob_middle2_ineq_002", "prob_middle2_ineq_003"]
    },
    "concept_inequality_property": {
      "id": "concept_inequality_property",
      "name": "부등식의 성질",
      "description": "양변에 같은 수를 더하거나 빼도 부등호는 유지. 음수를 곱하거나 나누면 부등호 방향이 바뀜",
      "subject": "수학",
      "grade": "중2",
      "level": 2,
      "parentId": "concept_linear_inequality_solving",
      "childIds": ["concept_linear_equation_basic"],
      "prerequisiteIds": ["concept_linear_equation_basic"],
      "relatedProblemIds": []
    },
    "concept_linear_equation_basic": {
      "id": "concept_linear_equation_basic",
      "name": "일차방정식의 해",
      "description": "ax + b = c 형태의 방정식을 풀어 x의 값 구하기",
      "subject": "수학",
      "grade": "중1",
      "level": 1,
      "parentId": "concept_inequality_property",
      "childIds": [],
      "prerequisiteIds": [],
      "relatedProblemIds": []
    }
  }
}
