{
  "id": "kg_middle3_factorization",
  "name": "중3 수학 - 인수분해",
  "subject": "수학",
  "grade": "중3",
  "rootNodeIds": ["concept_quadratic_factorization"],
  "nodes": {
    "concept_quadratic_factorization": {
      "id": "concept_quadratic_factorization",
      "name": "이차식 인수분해",
      "description": "x² + bx + c 형태를 (x+p)(x+q)로 인수분해 (pq=c, p+q=b)",
      "subject": "수학",
      "grade": "중3",
      "level": 3,
      "parentId": null,
      "childIds": ["concept_expansion_formula", "concept_integer_pair"],
      "prerequisiteIds": ["concept_expansion_formula", "concept_integer_pair"],
      "relatedProblemIds": ["prob_middle3_factor_001", "prob_middle3_factor_002", "prob_middle3_factor_003"]
    },
    "concept_expansion_formula": {
      "id": "concept_expansion_formula",
      "name": "곱셈 공식 전개",
      "description": "(x+a)(x+b) = x² + (a+b)x + ab",
      "subject": "수학",
      "grade": "중3",
      "level": 2,
      "parentId": "concept_quadratic_factorization",
      "childIds": ["concept_integer_pair"],
      "prerequisiteIds": [],
      "relatedProblemIds": []
    },
    "concept_integer_pair": {
      "id": "concept_integer_pair",
      "name": "정수 덧셈곱셈 퍼즐",
      "description": "곱해서 c, 더해서 b가 되는 두 수 찾기",
      "subject": "수학",
      "grade": "중1",
      "level": 1,
      "parentId": "concept_expansion_formula",
      "childIds": [],
      "prerequisiteIds": [],
      "relatedProblemIds": []
    }
  }
}
