{"id":"kg_high1_sets_propositions","name":"고1(하) - 집합과 명제","subject":"수학","grade":"고1","rootNodeIds":["concept_set_operations"],"nodes":{"concept_set_operations":{"id":"concept_set_operations","name":"집합의 연산","description":"합집합(∪), 교집합(∩), 여집합, 차집합","subject":"수학","grade":"고1","level":3,"parentId":null,"childIds":["concept_subset","concept_inequality_range"],"prerequisiteIds":["concept_subset"],"relatedProblemIds":["prob_high1_set_001","prob_high1_set_002","prob_high1_set_003"]},"concept_subset":{"id":"concept_subset","name":"부분집합","description":"A⊂B: A의 모든 원소가 B에 포함","subject":"수학","grade":"고1","level":2,"parentId":"concept_set_operations","childIds":["concept_inequality_range"],"prerequisiteIds":[],"relatedProblemIds":[]},"concept_inequality_range":{"id":"concept_inequality_range","name":"부등식의 범위","description":"x의 범위를 수직선에 나타내기","subject":"수학","grade":"중1","level":1,"parentId":"concept_subset","childIds":[],"prerequisiteIds":[],"relatedProblemIds":[]}}}