{
  "id": "kg_math2_integral",
  "name": "수학II - 적분",
  "subject": "수학",
  "grade": "수2",
  "rootNodeIds": ["concept_definite_integral"],
  "nodes": {
    "concept_definite_integral": {
      "id": "concept_definite_integral",
      "name": "정적분과 넓이",
      "description": "∫ₐᵇ f(x)dx = [F(x)]ₐᵇ = F(b)-F(a), 곡선과 x축 사이 넓이",
      "subject": "수학",
      "grade": "수2",
      "level": 3,
      "parentId": null,
      "childIds": ["concept_indefinite_integral", "concept_inverse_operation"],
      "prerequisiteIds": ["concept_indefinite_integral"],
      "relatedProblemIds": ["prob_math2_integral_001", "prob_math2_integral_002", "prob_math2_integral_003"]
    },
    "concept_indefinite_integral": {
      "id": "concept_indefinite_integral",
      "name": "부정적분",
      "description": "∫xⁿdx = xⁿ⁺¹/(n+1) + C",
      "subject": "수학",
      "grade": "수2",
      "level": 2,
      "parentId": "concept_definite_integral",
      "childIds": ["concept_inverse_operation"],
      "prerequisiteIds": [],
      "relatedProblemIds": []
    },
    "concept_inverse_operation": {
      "id": "concept_inverse_operation",
      "name": "역연산",
      "description": "미분의 역연산이 적분 (F'(x)=f(x) ⟺ ∫f(x)dx=F(x)+C)",
      "subject": "수학",
      "grade": "중2",
      "level": 1,
      "parentId": "concept_indefinite_integral",
      "childIds": [],
      "prerequisiteIds": [],
      "relatedProblemIds": []
    }
  }
}
