{
  "id": "kg_math1_exponential_log_function",
  "name": "수학I - 지수함수와 로그함수",
  "subject": "수학",
  "grade": "수1",
  "rootNodeIds": ["concept_exp_log_graph"],
  "nodes": {
    "concept_exp_log_graph": {
      "id": "concept_exp_log_graph",
      "name": "지수함수와 로그함수의 그래프",
      "description": "y=aˣ, y=log_a x의 그래프 성질과 역함수 관계",
      "subject": "수학",
      "grade": "수1",
      "level": 3,
      "parentId": null,
      "childIds": ["concept_exp_log_calc", "concept_exp_meaning"],
      "prerequisiteIds": ["concept_exp_log_calc"],
      "relatedProblemIds": ["prob_math1_expfunc_001", "prob_math1_expfunc_002", "prob_math1_expfunc_003"]
    },
    "concept_exp_log_calc": {
      "id": "concept_exp_log_calc",
      "name": "지수와 로그 계산",
      "description": "aˣ의 계산과 log_a b 값 구하기",
      "subject": "수학",
      "grade": "수1",
      "level": 2,
      "parentId": "concept_exp_log_graph",
      "childIds": ["concept_exp_meaning"],
      "prerequisiteIds": [],
      "relatedProblemIds": []
    },
    "concept_exp_meaning": {
      "id": "concept_exp_meaning",
      "name": "지수의 정의",
      "description": "aⁿ = a×a×...×a (n개), a⁰=1",
      "subject": "수학",
      "grade": "중2",
      "level": 1,
      "parentId": "concept_exp_log_calc",
      "childIds": [],
      "prerequisiteIds": [],
      "relatedProblemIds": []
    }
  }
}
