{
  "id": "kg_math2_derivative",
  "name": "수학II - 미분계수와 도함수",
  "subject": "수학",
  "grade": "수2",
  "rootNodeIds": ["concept_derivative_calc"],
  "nodes": {
    "concept_derivative_calc": {
      "id": "concept_derivative_calc",
      "name": "도함수 계산",
      "description": "(f·g)' = f'g + fg', (f/g)' = (f'g-fg')/g²",
      "subject": "수학",
      "grade": "수2",
      "level": 3,
      "parentId": null,
      "childIds": ["concept_derivative_def", "concept_slope"],
      "prerequisiteIds": ["concept_derivative_def"],
      "relatedProblemIds": ["prob_math2_deriv_001", "prob_math2_deriv_002", "prob_math2_deriv_003"]
    },
    "concept_derivative_def": {
      "id": "concept_derivative_def",
      "name": "미분계수와 도함수의 정의",
      "description": "f'(a) = lim(h→0) [f(a+h)-f(a)]/h, (xⁿ)' = nxⁿ⁻¹",
      "subject": "수학",
      "grade": "수2",
      "level": 2,
      "parentId": "concept_derivative_calc",
      "childIds": ["concept_slope"],
      "prerequisiteIds": [],
      "relatedProblemIds": []
    },
    "concept_slope": {
      "id": "concept_slope",
      "name": "기울기",
      "description": "두 점 (x₁,y₁), (x₂,y₂)를 지나는 직선의 기울기 (y₂-y₁)/(x₂-x₁)",
      "subject": "수학",
      "grade": "중2",
      "level": 1,
      "parentId": "concept_derivative_def",
      "childIds": [],
      "prerequisiteIds": [],
      "relatedProblemIds": []
    }
  }
}
