{
  "id": "kg_math1_trigonometric_function",
  "name": "수학I - 삼각함수",
  "subject": "수학",
  "grade": "수1",
  "rootNodeIds": ["concept_trig_graph"],
  "nodes": {
    "concept_trig_graph": {
      "id": "concept_trig_graph",
      "name": "삼각함수의 그래프",
      "description": "y=sin x, y=cos x, y=tan x의 그래프와 주기",
      "subject": "수학",
      "grade": "수1",
      "level": 3,
      "parentId": null,
      "childIds": ["concept_trig_value", "concept_right_triangle"],
      "prerequisiteIds": ["concept_trig_value"],
      "relatedProblemIds": ["prob_math1_trig_001", "prob_math1_trig_002", "prob_math1_trig_003"]
    },
    "concept_trig_value": {
      "id": "concept_trig_value",
      "name": "삼각함수의 값",
      "description": "특수각의 삼각함수 값 (30°, 45°, 60°)",
      "subject": "수학",
      "grade": "수1",
      "level": 2,
      "parentId": "concept_trig_graph",
      "childIds": ["concept_right_triangle"],
      "prerequisiteIds": [],
      "relatedProblemIds": []
    },
    "concept_right_triangle": {
      "id": "concept_right_triangle",
      "name": "직각삼각형의 삼각비",
      "description": "sin, cos, tan의 정의 (대변/빗변, 밑변/빗변, 대변/밑변)",
      "subject": "수학",
      "grade": "중3",
      "level": 1,
      "parentId": "concept_trig_value",
      "childIds": [],
      "prerequisiteIds": [],
      "relatedProblemIds": []
    }
  }
}
