{
  "id": "kg_middle3_quadratic_equation",
  "name": "중3 수학 - 이차방정식",
  "subject": "수학",
  "grade": "중3",
  "rootNodeIds": ["concept_quadratic_formula"],
  "nodes": {
    "concept_quadratic_formula": {
      "id": "concept_quadratic_formula",
      "name": "근의 공식",
      "description": "ax² + bx + c = 0의 해: x = (-b ± √(b²-4ac)) / 2a",
      "subject": "수학",
      "grade": "중3",
      "level": 3,
      "parentId": null,
      "childIds": ["concept_square_root", "concept_substitution_calc"],
      "prerequisiteIds": ["concept_square_root"],
      "relatedProblemIds": ["prob_middle3_quadeq_001", "prob_middle3_quadeq_002", "prob_middle3_quadeq_003"]
    },
    "concept_square_root": {
      "id": "concept_square_root",
      "name": "제곱근",
      "description": "√a의 의미와 계산 (√9 = 3)",
      "subject": "수학",
      "grade": "중3",
      "level": 2,
      "parentId": "concept_quadratic_formula",
      "childIds": ["concept_substitution_calc"],
      "prerequisiteIds": [],
      "relatedProblemIds": []
    },
    "concept_substitution_calc": {
      "id": "concept_substitution_calc",
      "name": "식의 대입 계산",
      "description": "주어진 식에 값을 대입하여 계산",
      "subject": "수학",
      "grade": "중1",
      "level": 1,
      "parentId": "concept_square_root",
      "childIds": [],
      "prerequisiteIds": [],
      "relatedProblemIds": []
    }
  }
}
