{
  "id": "kg_middle2_monomials_polynomials",
  "name": "중2 수학 - 단항식과 다항식 계산",
  "subject": "수학",
  "grade": "중2",
  "rootNodeIds": ["concept_exponent_law"],
  "nodes": {
    "concept_exponent_law": {
      "id": "concept_exponent_law",
      "name": "지수법칙",
      "description": "x^m × x^n = x^(m+n), x^m ÷ x^n = x^(m-n), (x^m)^n = x^(mn)",
      "subject": "수학",
      "grade": "중2",
      "level": 3,
      "parentId": null,
      "childIds": ["concept_like_terms_poly", "concept_exponent_multiplication"],
      "prerequisiteIds": ["concept_like_terms_poly", "concept_exponent_multiplication"],
      "relatedProblemIds": ["prob_middle2_poly_001", "prob_middle2_poly_002", "prob_middle2_poly_003"]
    },
    "concept_like_terms_poly": {
      "id": "concept_like_terms_poly",
      "name": "동류항의 계산",
      "description": "문자와 차수가 같은 항끼리 계산 (3x²y + 2x²y = 5x²y)",
      "subject": "수학",
      "grade": "중2",
      "level": 2,
      "parentId": "concept_exponent_law",
      "childIds": ["concept_exponent_multiplication"],
      "prerequisiteIds": [],
      "relatedProblemIds": []
    },
    "concept_exponent_multiplication": {
      "id": "concept_exponent_multiplication",
      "name": "거듭제곱의 곱셈/나눗셈",
      "description": "같은 밑을 가진 거듭제곱의 곱셈과 나눗셈",
      "subject": "수학",
      "grade": "중1",
      "level": 1,
      "parentId": "concept_like_terms_poly",
      "childIds": [],
      "prerequisiteIds": [],
      "relatedProblemIds": []
    }
  }
}
