{
  "id": "kg_middle1_linear_equation",
  "name": "중1 수학 - 일차방정식",
  "subject": "수학",
  "grade": "중1",
  "rootNodeIds": ["concept_linear_equation_solving"],
  "nodes": {
    "concept_linear_equation_solving": {
      "id": "concept_linear_equation_solving",
      "name": "일차방정식 풀기",
      "description": "ax + b = c 형태의 방정식을 풀어 x의 값 구하기",
      "subject": "수학",
      "grade": "중1",
      "level": 3,
      "parentId": null,
      "childIds": [
        "concept_transposition",
        "concept_like_terms"
      ],
      "prerequisiteIds": [
        "concept_transposition",
        "concept_like_terms"
      ],
      "relatedProblemIds": [
        "prob_middle1_linear_eq_001",
        "prob_middle1_linear_eq_002",
        "prob_middle1_linear_eq_003"
      ]
    },
    "concept_transposition": {
      "id": "concept_transposition",
      "name": "이항",
      "description": "등호의 한쪽에서 다른 쪽으로 항을 옮길 때 부호를 바꾸는 것",
      "subject": "수학",
      "grade": "중1",
      "level": 2,
      "parentId": "concept_linear_equation_solving",
      "childIds": [
        "concept_like_terms"
      ],
      "prerequisiteIds": [
        "concept_like_terms"
      ],
      "relatedProblemIds": []
    },
    "concept_like_terms": {
      "id": "concept_like_terms",
      "name": "동류항의 계산",
      "description": "문자가 같은 항끼리 더하거나 빼기 (예: 3x - x = 2x)",
      "subject": "수학",
      "grade": "중1",
      "level": 1,
      "parentId": "concept_transposition",
      "childIds": [],
      "prerequisiteIds": [],
      "relatedProblemIds": []
    }
  }
}
