{
  "id": "kg_middle1_integers_rationals",
  "name": "중1 수학 - 정수와 유리수",
  "subject": "수학",
  "grade": "중1",
  "rootNodeIds": ["concept_mixed_calculation"],
  "nodes": {
    "concept_mixed_calculation": {
      "id": "concept_mixed_calculation",
      "name": "유리수의 혼합 계산",
      "description": "덧셈, 뺄셈, 곱셈, 나눗셈이 섞인 유리수 계산",
      "subject": "수학",
      "grade": "중1",
      "level": 3,
      "parentId": null,
      "childIds": [
        "concept_negative_sign_rule",
        "concept_order_of_operations"
      ],
      "prerequisiteIds": [
        "concept_negative_sign_rule",
        "concept_order_of_operations"
      ],
      "relatedProblemIds": [
        "prob_middle1_rational_001",
        "prob_middle1_rational_002",
        "prob_middle1_rational_003"
      ]
    },
    "concept_negative_sign_rule": {
      "id": "concept_negative_sign_rule",
      "name": "음수의 부호 결정 규칙",
      "description": "마마뿔: 음수 × 음수 = 양수, 양수 × 음수 = 음수",
      "subject": "수학",
      "grade": "중1",
      "level": 2,
      "parentId": "concept_mixed_calculation",
      "childIds": [
        "concept_fraction_basic"
      ],
      "prerequisiteIds": [
        "concept_fraction_basic"
      ],
      "relatedProblemIds": []
    },
    "concept_order_of_operations": {
      "id": "concept_order_of_operations",
      "name": "사칙연산의 순서",
      "description": "괄호 → 곱셈/나눗셈 → 덧셈/뺄셈 순서로 계산",
      "subject": "수학",
      "grade": "중1",
      "level": 2,
      "parentId": "concept_mixed_calculation",
      "childIds": [
        "concept_fraction_basic"
      ],
      "prerequisiteIds": [],
      "relatedProblemIds": []
    },
    "concept_fraction_basic": {
      "id": "concept_fraction_basic",
      "name": "분수의 통분과 약분",
      "description": "분모를 같게 만드는 통분과 기약분수로 만드는 약분",
      "subject": "수학",
      "grade": "초등",
      "level": 1,
      "parentId": "concept_negative_sign_rule",
      "childIds": [],
      "prerequisiteIds": [],
      "relatedProblemIds": []
    }
  }
}
