[
  {
    "id": "meta-001",
    "category": "학습 습관",
    "question": "주로 언제 공부하시나요?",
    "type": "single_choice",
    "options": [
      {
        "value": "morning",
        "label": "아침 (기상~12시)",
        "insight": "아침형 학습자 - 집중력이 높은 시간대 활용"
      },
      {
        "value": "afternoon",
        "label": "오후 (12시~18시)",
        "insight": "오후형 학습자 - 점심 후 졸음 관리 필요"
      },
      {
        "value": "evening",
        "label": "저녁 (18시~자정)",
        "insight": "저녁형 학습자 - 피로도 관리 중요"
      },
      {
        "value": "irregular",
        "label": "불규칙적",
        "insight": "루틴 형성 필요 - 일정한 학습 시간 확보 권장"
      }
    ]
  },
  {
    "id": "meta-002",
    "category": "학습 습관",
    "question": "한 번에 얼마나 오래 집중해서 공부할 수 있나요?",
    "type": "single_choice",
    "options": [
      {
        "value": "under_15",
        "label": "15분 이하",
        "insight": "집중력 훈련 필요 - 짧은 주기 학습법(포모도로) 추천"
      },
      {
        "value": "15_30",
        "label": "15~30분",
        "insight": "일반적 집중 시간 - 단계적 연장 가능"
      },
      {
        "value": "30_60",
        "label": "30분~1시간",
        "insight": "양호한 집중력 - 적절한 휴식과 병행"
      },
      {
        "value": "over_60",
        "label": "1시간 이상",
        "insight": "우수한 집중력 - 과도한 학습 시 효율 저하 주의"
      }
    ]
  },
  {
    "id": "meta-003",
    "category": "학습 전략",
    "question": "공부할 때 주로 어떤 방법을 사용하나요?",
    "type": "multiple_choice",
    "options": [
      {
        "value": "reading",
        "label": "교과서/참고서 읽기",
        "insight": "수동적 학습 - 능동적 학습 추가 권장"
      },
      {
        "value": "note_taking",
        "label": "필기/정리하기",
        "insight": "능동적 학습 - 좋은 학습 습관"
      },
      {
        "value": "practice",
        "label": "문제 풀기",
        "insight": "실전 연습 - 가장 효과적인 학습법"
      },
      {
        "value": "video",
        "label": "인강/동영상 시청",
        "insight": "시청각 학습 - 필기/문제풀이 병행 필요"
      },
      {
        "value": "group",
        "label": "친구와 함께 공부",
        "insight": "협동 학습 - 설명하기는 좋은 학습법"
      }
    ]
  },
  {
    "id": "meta-004",
    "category": "자기조절",
    "question": "학습 계획을 세우고 실행하시나요?",
    "type": "single_choice",
    "options": [
      {
        "value": "plan_and_execute",
        "label": "계획을 세우고 잘 지킨다",
        "insight": "우수한 자기조절력 - 현재 방식 유지"
      },
      {
        "value": "plan_not_execute",
        "label": "계획은 세우지만 잘 안 지킨다",
        "insight": "실행력 보완 필요 - 작은 목표부터 시작"
      },
      {
        "value": "no_plan",
        "label": "계획 없이 그때그때 공부한다",
        "insight": "계획 수립 필요 - 일일/주간 목표 설정 권장"
      },
      {
        "value": "irregular",
        "label": "공부를 거의 안 한다",
        "insight": "학습 동기 부족 - 작은 성취감부터 경험 필요"
      }
    ]
  },
  {
    "id": "meta-005",
    "category": "자기조절",
    "question": "공부 중 스마트폰이나 다른 것 때문에 집중이 흐트러지나요?",
    "type": "single_choice",
    "options": [
      {
        "value": "never",
        "label": "거의 없다",
        "insight": "우수한 집중력 관리"
      },
      {
        "value": "sometimes",
        "label": "가끔 있다",
        "insight": "일반적 수준 - 학습 환경 최적화 권장"
      },
      {
        "value": "often",
        "label": "자주 있다",
        "insight": "주의력 분산 문제 - 방해요소 제거 필요"
      },
      {
        "value": "always",
        "label": "거의 항상 그렇다",
        "insight": "집중력 훈련 시급 - 스마트폰 격리 필수"
      }
    ]
  },
  {
    "id": "meta-006",
    "category": "메타인지",
    "question": "문제를 틀렸을 때 어떻게 하시나요?",
    "type": "single_choice",
    "options": [
      {
        "value": "analyze_deeply",
        "label": "왜 틀렸는지 분석하고 비슷한 문제를 더 푼다",
        "insight": "우수한 메타인지 - 최적의 학습 태도"
      },
      {
        "value": "review_answer",
        "label": "정답을 보고 이해한다",
        "insight": "수동적 복습 - 스스로 풀어보는 과정 추가 필요"
      },
      {
        "value": "skip",
        "label": "넘어간다",
        "insight": "복습 부족 - 오답노트 습관 형성 필요"
      },
      {
        "value": "frustrated",
        "label": "좌절감을 느낀다",
        "insight": "감정 관리 필요 - 실수는 학습 기회"
      }
    ]
  },
  {
    "id": "meta-007",
    "category": "메타인지",
    "question": "자신의 학습 약점을 알고 계신가요?",
    "type": "single_choice",
    "options": [
      {
        "value": "know_clearly",
        "label": "명확히 알고 있다",
        "insight": "우수한 자기 인식 - 약점 집중 공략 가능"
      },
      {
        "value": "know_vaguely",
        "label": "대략 알고 있다",
        "insight": "일반적 수준 - 구체적 진단 필요"
      },
      {
        "value": "not_sure",
        "label": "잘 모르겠다",
        "insight": "자기 진단 부족 - 체계적 분석 필요"
      },
      {
        "value": "think_no_weakness",
        "label": "약점이 없다고 생각한다",
        "insight": "과신 또는 최상위권 - 정확한 진단 필요"
      }
    ]
  },
  {
    "id": "meta-008",
    "category": "학습 전략",
    "question": "새로운 개념을 배울 때 어떻게 하시나요?",
    "type": "single_choice",
    "options": [
      {
        "value": "relate_prior",
        "label": "이전에 배운 것과 연결지어 이해한다",
        "insight": "우수한 학습 전략 - 의미있는 학습"
      },
      {
        "value": "memorize",
        "label": "일단 외운다",
        "insight": "암기 의존 - 이해 중심 학습 권장"
      },
      {
        "value": "practice_first",
        "label": "문제를 먼저 풀어본다",
        "insight": "실전형 학습 - 개념 이해 병행 필요"
      },
      {
        "value": "confused",
        "label": "이해가 안 되면 그냥 넘어간다",
        "insight": "학습 공백 누적 위험 - 즉시 질문/복습 필요"
      }
    ]
  },
  {
    "id": "meta-009",
    "category": "학습 습관",
    "question": "시험 전에 주로 어떻게 준비하시나요?",
    "type": "single_choice",
    "options": [
      {
        "value": "steady_preparation",
        "label": "평소에 꾸준히 공부해서 시험 전엔 복습만 한다",
        "insight": "이상적인 학습 패턴"
      },
      {
        "value": "one_week_before",
        "label": "일주일 전부터 집중적으로 공부한다",
        "insight": "일반적 패턴 - 분산 학습 권장"
      },
      {
        "value": "cram",
        "label": "하루 이틀 전에 벼락치기한다",
        "insight": "비효율적 학습 - 장기 기억 어려움"
      },
      {
        "value": "no_preparation",
        "label": "거의 준비 안 한다",
        "insight": "학습 동기 부족 - 목표 설정 필요"
      }
    ]
  },
  {
    "id": "meta-010",
    "category": "메타인지",
    "question": "공부한 내용을 얼마나 이해했는지 스스로 확인하시나요?",
    "type": "single_choice",
    "options": [
      {
        "value": "self_test",
        "label": "스스로 문제를 만들거나 테스트해본다",
        "insight": "최고 수준 메타인지 - 능동적 학습"
      },
      {
        "value": "review",
        "label": "다시 읽어보며 확인한다",
        "insight": "수동적 확인 - 문제 풀이 추가 권장"
      },
      {
        "value": "assume",
        "label": "이해했다고 생각한다",
        "insight": "착각 위험 - 검증 과정 필요"
      },
      {
        "value": "no_check",
        "label": "확인하지 않는다",
        "insight": "학습 점검 부재 - 자기 평가 습관 필요"
      }
    ]
  }
]
