{
  "id": "kg_math_quadratic_inequality",
  "name": "고1 수학 - 이차부등식 지식 그래프",
  "subject": "수학",
  "grade": "고1",
  "rootNodeIds": ["concept_quadratic_inequality"],
  "nodes": {
    "concept_quadratic_inequality": {
      "id": "concept_quadratic_inequality",
      "name": "이차부등식",
      "description": "ax² + bx + c > 0 또는 ax² + bx + c < 0 형태의 부등식",
      "subject": "수학",
      "grade": "고1",
      "level": 5,
      "parentId": null,
      "childIds": [
        "concept_factorization",
        "concept_quadratic_equation"
      ],
      "prerequisiteIds": [
        "concept_factorization",
        "concept_quadratic_equation",
        "concept_inequality"
      ],
      "relatedProblemIds": [
        "prob_quadratic_inequality_001",
        "prob_quadratic_inequality_002"
      ]
    },
    "concept_factorization": {
      "id": "concept_factorization",
      "name": "인수분해",
      "description": "다항식을 인수의 곱으로 나타내는 것",
      "subject": "수학",
      "grade": "중3",
      "level": 4,
      "parentId": "concept_quadratic_inequality",
      "childIds": [
        "concept_multiplication_formula",
        "concept_common_factor"
      ],
      "prerequisiteIds": [
        "concept_multiplication_formula"
      ],
      "relatedProblemIds": [
        "prob_factorization_001",
        "prob_factorization_002"
      ]
    },
    "concept_quadratic_equation": {
      "id": "concept_quadratic_equation",
      "name": "이차방정식",
      "description": "ax² + bx + c = 0 형태의 방정식",
      "subject": "수학",
      "grade": "중3",
      "level": 4,
      "parentId": "concept_quadratic_inequality",
      "childIds": [
        "concept_linear_equation"
      ],
      "prerequisiteIds": [
        "concept_factorization"
      ],
      "relatedProblemIds": [
        "prob_quadratic_equation_001"
      ]
    },
    "concept_inequality": {
      "id": "concept_inequality",
      "name": "부등식",
      "description": "부등호(>, <, ≥, ≤)를 사용한 식",
      "subject": "수학",
      "grade": "중1",
      "level": 3,
      "parentId": null,
      "childIds": [
        "concept_linear_equation"
      ],
      "prerequisiteIds": [],
      "relatedProblemIds": []
    },
    "concept_multiplication_formula": {
      "id": "concept_multiplication_formula",
      "name": "곱셈 공식",
      "description": "(a+b)² = a² + 2ab + b²와 같은 기본 공식들",
      "subject": "수학",
      "grade": "중3",
      "level": 3,
      "parentId": "concept_factorization",
      "childIds": [
        "concept_distributive_law"
      ],
      "prerequisiteIds": [
        "concept_distributive_law"
      ],
      "relatedProblemIds": []
    },
    "concept_common_factor": {
      "id": "concept_common_factor",
      "name": "공통인수",
      "description": "여러 항에 공통으로 들어있는 인수",
      "subject": "수학",
      "grade": "중2",
      "level": 2,
      "parentId": "concept_factorization",
      "childIds": [
        "concept_multiplication"
      ],
      "prerequisiteIds": [
        "concept_multiplication"
      ],
      "relatedProblemIds": []
    },
    "concept_linear_equation": {
      "id": "concept_linear_equation",
      "name": "일차방정식",
      "description": "ax + b = 0 형태의 방정식",
      "subject": "수학",
      "grade": "중1",
      "level": 2,
      "parentId": "concept_quadratic_equation",
      "childIds": [
        "concept_arithmetic"
      ],
      "prerequisiteIds": [
        "concept_arithmetic"
      ],
      "relatedProblemIds": []
    },
    "concept_distributive_law": {
      "id": "concept_distributive_law",
      "name": "분배법칙",
      "description": "a(b + c) = ab + ac",
      "subject": "수학",
      "grade": "중1",
      "level": 2,
      "parentId": "concept_multiplication_formula",
      "childIds": [
        "concept_multiplication"
      ],
      "prerequisiteIds": [],
      "relatedProblemIds": []
    },
    "concept_multiplication": {
      "id": "concept_multiplication",
      "name": "곱셈",
      "description": "두 수를 곱하는 연산",
      "subject": "수학",
      "grade": "초등",
      "level": 1,
      "parentId": "concept_common_factor",
      "childIds": [],
      "prerequisiteIds": [],
      "relatedProblemIds": []
    },
    "concept_arithmetic": {
      "id": "concept_arithmetic",
      "name": "사칙연산",
      "description": "덧셈, 뺄셈, 곱셈, 나눗셈",
      "subject": "수학",
      "grade": "초등",
      "level": 1,
      "parentId": "concept_linear_equation",
      "childIds": [],
      "prerequisiteIds": [],
      "relatedProblemIds": []
    }
  }
}
