[
  {
    "id": "math-arithmetic-error",
    "name": "계산할 때 부호를 빠뜨려요",
    "description": "음수와 양수를 더하거나 뺄 때 부호 규칙을 정확히 적용하지 못해요. 특히 음수끼리 계산할 때 실수가 많습니다.",
    "subject": "수학",
    "category": "개념",
    "severity": 5
  },
  {
    "id": "math-coefficient-effect",
    "name": "계수 효과 혼동",
    "description": "계수 효과 혼동 관련 학습 약점",
    "subject": "수학",
    "category": "개념",
    "severity": 2
  },
  {
    "id": "math-concept-misunderstanding",
    "name": "개념을 혼동해서 틀려요",
    "description": "비슷해 보이는 개념들을 구분하지 못해요. 예를 들어 절댓값과 제곱근, 기울기와 y절편 등을 헷갈립니다.",
    "subject": "수학",
    "category": "개념",
    "severity": 5
  },
  {
    "id": "math-coordinate-concept",
    "name": "사분면 개념 혼동",
    "description": "사분면 개념 혼동 관련 학습 약점",
    "subject": "수학",
    "category": "개념",
    "severity": 2
  },
  {
    "id": "math-coordinate-error",
    "name": "x좌표와 y좌표를 혼동해요",
    "description": "점의 좌표 (x, y)에서 x와 y의 위치를 바꿔서 읽거나, 그래프에 잘못 표시해요.",
    "subject": "수학",
    "category": "개념",
    "severity": 2
  },
  {
    "id": "math-counting-error",
    "name": "배수 개수 오류",
    "description": "배수 개수 오류 관련 학습 약점",
    "subject": "수학",
    "category": "개념",
    "severity": 2
  },
  {
    "id": "math-decimal-fraction",
    "name": "분수 변환 오류",
    "description": "분수 변환 오류 관련 학습 약점",
    "subject": "수학",
    "category": "개념",
    "severity": 2
  },
  {
    "id": "math-derivative-rule",
    "name": "미분할 때 공식을 헷갈려요",
    "description": "(x^n)' = nx^(n-1) 같은 기본 미분 공식을 잘못 적용하거나, 곱셈/나눗셈 미분 규칙을 빠뜨려요.",
    "subject": "수학",
    "category": "개념",
    "severity": 5
  },
  {
    "id": "math-distance-formula",
    "name": "거리 공식 잘못 적용",
    "description": "거리 공식 잘못 적용 관련 학습 약점",
    "subject": "수학",
    "category": "개념",
    "severity": 2
  },
  {
    "id": "math-distributive-law",
    "name": "괄호를 풀 때 분배를 빠뜨려요",
    "description": "a(b+c) = ab+ac 처럼 괄호 안의 모든 항에 곱해야 하는데, 일부만 곱하거나 빼먹어요.",
    "subject": "수학",
    "category": "개념",
    "severity": 2
  },
  {
    "id": "math-equation-solving",
    "name": "방정식 풀 때 이항을 잘못해요",
    "description": "등호를 넘을 때 부호를 바꿔야 하는데 그대로 옮기거나, 양변에 같은 연산을 하지 않아요.",
    "subject": "수학",
    "category": "개념",
    "severity": 4
  },
  {
    "id": "math-factoring-error",
    "name": "인수분해할 때 곱셈공식을 빠뜨려요",
    "description": "x²+6x+9 = (x+3)² 같은 완전제곱식을 못 찾거나, 잘못된 인수로 분해해요.",
    "subject": "수학",
    "category": "개념",
    "severity": 4
  },
  {
    "id": "math-formula-application",
    "name": "공식 미적용",
    "description": "공식 미적용 관련 학습 약점",
    "subject": "수학",
    "category": "개념",
    "severity": 2
  },
  {
    "id": "math-fraction-addition",
    "name": "분수를 더할 때 통분을 안 해요",
    "description": "분모가 다른 분수를 더할 때 바로 더하거나, 분자와 분모를 따로따로 더해서 틀려요.",
    "subject": "수학",
    "category": "개념",
    "severity": 2
  },
  {
    "id": "math-fraction-simplification",
    "name": "약분을 끝까지 하지 않아요",
    "description": "분수 계산 결과를 더 이상 약분할 수 없을 때까지 줄이지 않고 그대로 두어요.",
    "subject": "수학",
    "category": "개념",
    "severity": 2
  },
  {
    "id": "math-function-concept",
    "name": "함수와 일반 식을 구분 못해요",
    "description": "y=2x+1 같은 함수 표현을 이해하지 못하고, x값에 따라 y값이 정해진다는 개념이 약해요.",
    "subject": "수학",
    "category": "개념",
    "severity": 2
  },
  {
    "id": "math-function-equation",
    "name": "y절편 계산 오류",
    "description": "y절편 계산 오류 관련 학습 약점",
    "subject": "수학",
    "category": "개념",
    "severity": 2
  },
  {
    "id": "math-graph-property",
    "name": "그래프 성질 혼동",
    "description": "그래프 성질 혼동 관련 학습 약점",
    "subject": "수학",
    "category": "개념",
    "severity": 2
  },
  {
    "id": "math-graph-shape",
    "name": "그래프 모양을 잘못 그려요",
    "description": "1차 함수는 직선인데 곡선으로, 포물선은 직선으로 그리는 등 함수의 특성을 놓쳐요.",
    "subject": "수학",
    "category": "개념",
    "severity": 2
  },
  {
    "id": "math-inequality-direction",
    "name": "부등호 방향을 바꿔야 할 때를 놓쳐요",
    "description": "양변에 음수를 곱하거나 나눌 때 부등호 방향(>을 <로)을 바꿔야 하는데 그대로 둬요.",
    "subject": "수학",
    "category": "개념",
    "severity": 5
  },
  {
    "id": "math-integral-technique",
    "name": "적분할 때 치환을 빠뜨려요",
    "description": "복잡한 식을 적분할 때 치환적분법이나 부분적분법을 사용해야 하는데 그대로 계산하려고 해요.",
    "subject": "수학",
    "category": "개념",
    "severity": 5
  },
  {
    "id": "math-limit-calculation",
    "name": "극한 계산할 때 불정형을 처리 못해요",
    "description": "0/0, ∞/∞ 같은 불정형이 나올 때 로피탈 정리나 인수분해를 사용하지 못해요.",
    "subject": "수학",
    "category": "개념",
    "severity": 5
  },
  {
    "id": "math-log-properties",
    "name": "로그 성질 오류",
    "description": "로그 성질 오류 관련 학습 약점",
    "subject": "수학",
    "category": "개념",
    "severity": 5
  },
  {
    "id": "math-notation-error",
    "name": "표기 오류 (정답과 동일)",
    "description": "표기 오류 (정답과 동일) 관련 학습 약점",
    "subject": "수학",
    "category": "개념",
    "severity": 2
  },
  {
    "id": "math-operation-error",
    "name": "곱하기로 착각",
    "description": "곱하기로 착각 관련 학습 약점",
    "subject": "수학",
    "category": "개념",
    "severity": 2
  },
  {
    "id": "math-parabola-direction",
    "name": "계수 부호 혼동",
    "description": "계수 부호 혼동 관련 학습 약점",
    "subject": "수학",
    "category": "개념",
    "severity": 2
  },
  {
    "id": "math-parabola-shape",
    "name": "포물선 모양을 거꾸로 그려요",
    "description": "y=ax²에서 a>0이면 아래로 볼록, a<0이면 위로 볼록인데 반대로 그려요.",
    "subject": "수학",
    "category": "개념",
    "severity": 2
  },
  {
    "id": "math-parallel-concept",
    "name": "평행 조건 모름",
    "description": "평행 조건 모름 관련 학습 약점",
    "subject": "수학",
    "category": "개념",
    "severity": 2
  },
  {
    "id": "math-polynomial-operation",
    "name": "다항식 계산할 때 동류항을 못 찾아요",
    "description": "3x²+2x-x²+5를 정리할 때 x²끼리, x끼리, 상수끼리 모으지 못해요.",
    "subject": "수학",
    "category": "개념",
    "severity": 5
  },
  {
    "id": "math-probability-calculation",
    "name": "경우의 수 잘못 셈",
    "description": "경우의 수 잘못 셈 관련 학습 약점",
    "subject": "수학",
    "category": "개념",
    "severity": 5
  },
  {
    "id": "math-sequence-pattern",
    "name": "수열 규칙 오류",
    "description": "수열 규칙 오류 관련 학습 약점",
    "subject": "수학",
    "category": "개념",
    "severity": 5
  },
  {
    "id": "math-sign-error",
    "name": "부호를 잘못 계산해요",
    "description": "음수 × 음수 = 양수 같은 부호 규칙을 헷갈려요. 식을 풀다가 부호가 바뀌는 순간을 놓칩니다.",
    "subject": "수학",
    "category": "개념",
    "severity": 5
  },
  {
    "id": "math-slope-formula",
    "name": "기울기 구할 때 좌표를 뒤바꿔요",
    "description": "기울기 = (y₂-y₁)/(x₂-x₁) 공식에서 x와 y의 순서를 바꿔서 계산해요.",
    "subject": "수학",
    "category": "개념",
    "severity": 2
  },
  {
    "id": "math-sqrt-concept",
    "name": "제곱근 개념 부족",
    "description": "제곱근 개념 부족 관련 학습 약점",
    "subject": "수학",
    "category": "개념",
    "severity": 2
  },
  {
    "id": "math-sqrt-operation",
    "name": "근호 연산 오류",
    "description": "근호 연산 오류 관련 학습 약점",
    "subject": "수학",
    "category": "개념",
    "severity": 2
  },
  {
    "id": "math-sqrt-simplification",
    "name": "간소화 안함",
    "description": "간소화 안함 관련 학습 약점",
    "subject": "수학",
    "category": "개념",
    "severity": 2
  },
  {
    "id": "math-substitution-error",
    "name": "대입 과정 오류",
    "description": "대입 과정 오류 관련 학습 약점",
    "subject": "수학",
    "category": "개념",
    "severity": 2
  },
  {
    "id": "math-vertex-concept",
    "name": "꼭짓점 개념 부족",
    "description": "꼭짓점 개념 부족 관련 학습 약점",
    "subject": "수학",
    "category": "개념",
    "severity": 2
  },
  {
    "id": "math-vertex-formula",
    "name": "꼭짓점 구할 때 공식을 틀려요",
    "description": "y=a(x-p)²+q에서 꼭짓점 (p,q)를 (-p,q)로 잘못 읽거나, 부호를 반대로 해요.",
    "subject": "수학",
    "category": "개념",
    "severity": 2
  }
]