{
  "description": "중1 정수와 유리수 꼬리 질문 데이터",
  "questions": [
    {
      "id": "tail_middle1_rat_001_lv2",
      "conceptNodeId": "concept_negative_sign_rule",
      "problemId": "prob_middle1_rational_001",
      "question": "3 × (-4)의 값은?",
      "type": "multipleChoice",
      "correctAnswer": "-12",
      "options": [
        "12",
        "-12",
        "-7",
        "7"
      ],
      "hint": "양수 × 음수 = 음수 (마마뿔 규칙)",
      "explanation": "양수 × 음수 = 음수\n3 × (-4) = -12",
      "difficulty": 2,
      "nextTailQuestionId": "tail_middle1_rat_001_lv1",
      "recoveryProblemId": null
    },
    {
      "id": "tail_middle1_rat_001_lv1",
      "conceptNodeId": "concept_fraction_basic",
      "problemId": "prob_middle1_rational_001",
      "question": "6 ÷ 2 = ?",
      "type": "multipleChoice",
      "correctAnswer": "3",
      "options": [
        "3",
        "4",
        "8",
        "12"
      ],
      "hint": "기본 나눗셈을 계산해보세요",
      "explanation": "6 ÷ 2 = 3",
      "difficulty": 1,
      "nextTailQuestionId": null,
      "recoveryProblemId": "prob_middle1_rational_001"
    },
    {
      "id": "tail_middle1_rat_002_lv2",
      "conceptNodeId": "concept_negative_sign_rule",
      "problemId": "prob_middle1_rational_002",
      "question": "(-3) × 2의 값은?",
      "type": "multipleChoice",
      "correctAnswer": "-6",
      "options": [
        "6",
        "-6",
        "5",
        "-5"
      ],
      "hint": "음수 × 양수 = 음수 (마마뿔 규칙)",
      "explanation": "음수 × 양수 = 음수\n(-3) × 2 = -6",
      "difficulty": 2,
      "nextTailQuestionId": "tail_middle1_rat_002_lv1",
      "recoveryProblemId": null
    },
    {
      "id": "tail_middle1_rat_002_lv1",
      "conceptNodeId": "concept_fraction_basic",
      "problemId": "prob_middle1_rational_002",
      "question": "8 ÷ (-4) = ?",
      "type": "multipleChoice",
      "correctAnswer": "-2",
      "options": [
        "2",
        "-2",
        "4",
        "-4"
      ],
      "hint": "양수 ÷ 음수 = 음수",
      "explanation": "8 ÷ (-4) = -2",
      "difficulty": 1,
      "nextTailQuestionId": null,
      "recoveryProblemId": "prob_middle1_rational_002"
    },
    {
      "id": "tail_middle1_rat_003_lv2",
      "conceptNodeId": "concept_negative_sign_rule",
      "problemId": "prob_middle1_rational_003",
      "question": "(3/4) × (-2)의 값은?",
      "type": "multipleChoice",
      "correctAnswer": "-3/2",
      "options": [
        "3/2",
        "-3/2",
        "6/4",
        "-6/8"
      ],
      "hint": "분수와 음수의 곱셈. 부호를 먼저 결정하세요",
      "explanation": "양수 × 음수 = 음수\n(3/4) × (-2) = -(3/4 × 2) = -6/4 = -3/2",
      "difficulty": 2,
      "nextTailQuestionId": "tail_middle1_rat_003_lv1",
      "recoveryProblemId": null
    },
    {
      "id": "tail_middle1_rat_003_lv1",
      "conceptNodeId": "concept_fraction_basic",
      "problemId": "prob_middle1_rational_003",
      "question": "1/2 + 3/4를 계산하려면 먼저 무엇을 해야 하나요?",
      "type": "multipleChoice",
      "correctAnswer": "통분하기 (분모를 4로 맞추기)",
      "options": [
        "분자끼리 더하기",
        "통분하기 (분모를 4로 맞추기)",
        "약분하기",
        "분모끼리 더하기"
      ],
      "hint": "분수의 덧셈은 분모를 같게 만들어야 해요",
      "explanation": "분수의 덧셈/뺄셈은 먼저 통분을 해야 합니다.\n1/2 = 2/4\n2/4 + 3/4 = 5/4",
      "difficulty": 1,
      "nextTailQuestionId": null,
      "recoveryProblemId": "prob_middle1_rational_003"
    }
  ]
}
