{
  "description": "이차부등식 꼬리 질문 샘플 데이터",
  "questions": [
    {
      "id": "tail_q_001",
      "conceptNodeId": "concept_factorization",
      "problemId": "prob_quadratic_inequality_001",
      "question": "x² - 5x + 6을 인수분해하면?",
      "type": "multipleChoice",
      "correctAnswer": "(x-2)(x-3)",
      "options": [
        "(x-1)(x-6)",
        "(x-2)(x-3)",
        "(x+2)(x+3)",
        "(x-5)(x-1)"
      ],
      "hint": "곱해서 6이 되고, 더해서 -5가 되는 두 수를 찾아봐",
      "explanation": "x² - 5x + 6 = (x-2)(x-3)\n곱해서 6: (-2) × (-3) = 6\n더해서 -5: (-2) + (-3) = -5",
      "difficulty": 3,
      "nextTailQuestionId": "tail_q_002",
      "recoveryProblemId": null
    },
    {
      "id": "tail_q_002",
      "conceptNodeId": "concept_multiplication_formula",
      "problemId": "prob_factorization_001",
      "question": "곱해서 6이 되는 두 수의 조합은 뭐가 있을까?",
      "type": "multipleChoice",
      "correctAnswer": "1×6, 2×3, (-1)×(-6), (-2)×(-3)",
      "options": [
        "1×6, 2×3",
        "1×6, 2×3, (-1)×(-6), (-2)×(-3)",
        "2×3, 3×2",
        "1×5, 2×4"
      ],
      "hint": "음수끼리 곱해도 양수가 나온다는 것을 기억해!",
      "explanation": "정수 범위에서 곱해서 6이 되는 조합:\n양수: 1×6, 2×3, 3×2, 6×1\n음수: (-1)×(-6), (-2)×(-3), (-3)×(-2), (-6)×(-1)",
      "difficulty": 2,
      "nextTailQuestionId": "tail_q_003",
      "recoveryProblemId": null
    },
    {
      "id": "tail_q_003",
      "conceptNodeId": "concept_multiplication",
      "problemId": "prob_common_factor_001",
      "question": "(-2) × (-3) = ?",
      "type": "multipleChoice",
      "correctAnswer": "6",
      "options": [
        "-6",
        "-5",
        "5",
        "6"
      ],
      "hint": "음수 × 음수 = 양수",
      "explanation": "음수끼리 곱하면 양수가 됩니다.\n(-2) × (-3) = 6",
      "difficulty": 1,
      "nextTailQuestionId": null,
      "recoveryProblemId": "tail_q_002"
    },
    {
      "id": "tail_q_004",
      "conceptNodeId": "concept_quadratic_equation",
      "problemId": "prob_quadratic_inequality_001",
      "question": "x² - 5x + 6 = 0의 해는?",
      "type": "multipleChoice",
      "correctAnswer": "x = 2 또는 x = 3",
      "options": [
        "x = 1 또는 x = 6",
        "x = 2 또는 x = 3",
        "x = -2 또는 x = -3",
        "x = 5 또는 x = 6"
      ],
      "hint": "먼저 인수분해를 해보자: (x-2)(x-3) = 0",
      "explanation": "x² - 5x + 6 = 0\n(x-2)(x-3) = 0\n따라서 x-2=0 또는 x-3=0\n∴ x = 2 또는 x = 3",
      "difficulty": 3,
      "nextTailQuestionId": "tail_q_001",
      "recoveryProblemId": null
    },
    {
      "id": "tail_q_005",
      "conceptNodeId": "concept_linear_equation",
      "problemId": "prob_quadratic_equation_001",
      "question": "x - 3 = 0의 해는?",
      "type": "multipleChoice",
      "correctAnswer": "3",
      "options": [
        "-3",
        "0",
        "3",
        "6"
      ],
      "hint": "양변에 3을 더해봐",
      "explanation": "x - 3 = 0\nx = 3",
      "difficulty": 1,
      "nextTailQuestionId": null,
      "recoveryProblemId": "tail_q_004"
    },
    {
      "id": "tail_q_006",
      "conceptNodeId": "concept_inequality",
      "problemId": "prob_quadratic_inequality_001",
      "question": "부등식 x > 2의 의미는?",
      "type": "multipleChoice",
      "correctAnswer": "x는 2보다 큰 모든 수",
      "options": [
        "x는 2와 같다",
        "x는 2보다 크거나 같다",
        "x는 2보다 큰 모든 수",
        "x는 2보다 작은 모든 수"
      ],
      "hint": "> 기호는 '~보다 크다'를 의미해",
      "explanation": "x > 2는 'x는 2보다 크다'를 의미합니다.\n따라서 x는 2보다 큰 모든 수 (예: 2.1, 3, 100, ...)",
      "difficulty": 2,
      "nextTailQuestionId": null,
      "recoveryProblemId": null
    }
  ]
}
