{
  "description": "확률과 통계 - 통계 꼬리 질문",
  "questions": [
    {
      "id": "tail_probstat_stat_001_lv2",
      "conceptNodeId": "concept_std_dev",
      "problemId": "prob_probstat_stat_001",
      "question": "자료 2, 4, 6의 평균이 4일 때, 분산은?",
      "type": "multipleChoice",
      "correctAnswer": "8/3",
      "options": ["8/3", "4", "2", "8"],
      "hint": "각 값과 평균의 차의 제곱의 평균",
      "explanation": "분산 = [(2-4)²+(4-4)²+(6-4)²]/3 = (4+0+4)/3 = 8/3",
      "difficulty": 2,
      "nextTailQuestionId": "tail_probstat_stat_001_lv1",
      "recoveryProblemId": null
    },
    {
      "id": "tail_probstat_stat_001_lv1",
      "conceptNodeId": "concept_mean",
      "problemId": "prob_probstat_stat_001",
      "question": "2, 4, 6, 8의 평균은?",
      "type": "multipleChoice",
      "correctAnswer": "5",
      "options": ["5", "4", "6", "20"],
      "hint": "모두 더해서 개수로 나누기",
      "explanation": "(2+4+6+8)/4 = 20/4 = 5",
      "difficulty": 1,
      "nextTailQuestionId": null,
      "recoveryProblemId": "prob_probstat_stat_001"
    },
    {
      "id": "tail_probstat_stat_002_lv2",
      "conceptNodeId": "concept_std_dev",
      "problemId": "prob_probstat_stat_002",
      "question": "자료 1, 3, 5의 표준편차를 구하는 첫 단계는?",
      "type": "multipleChoice",
      "correctAnswer": "평균 구하기",
      "options": ["평균 구하기", "최댓값 구하기", "분산 구하기", "범위 구하기"],
      "hint": "표준편차 = √분산",
      "explanation": "표준편차를 구하려면 먼저 평균을 구해야 합니다",
      "difficulty": 2,
      "nextTailQuestionId": "tail_probstat_stat_002_lv1",
      "recoveryProblemId": null
    },
    {
      "id": "tail_probstat_stat_002_lv1",
      "conceptNodeId": "concept_mean",
      "problemId": "prob_probstat_stat_002",
      "question": "1, 2, 3, 4, 5의 평균은?",
      "type": "multipleChoice",
      "correctAnswer": "3",
      "options": ["3", "15", "2.5", "5"],
      "hint": "모두 더해서 개수로 나누기",
      "explanation": "(1+2+3+4+5)/5 = 15/5 = 3",
      "difficulty": 1,
      "nextTailQuestionId": null,
      "recoveryProblemId": "prob_probstat_stat_002"
    },
    {
      "id": "tail_probstat_stat_003_lv2",
      "conceptNodeId": "concept_std_dev",
      "problemId": "prob_probstat_stat_003",
      "question": "두 자료의 평균이 같을 때, 표준편차가 작은 자료는?",
      "type": "multipleChoice",
      "correctAnswer": "더 모여있다",
      "options": ["더 모여있다", "더 흩어져있다", "같다", "알 수 없다"],
      "hint": "표준편차는 흩어진 정도",
      "explanation": "표준편차가 작을수록 평균 주위에 모여있습니다",
      "difficulty": 2,
      "nextTailQuestionId": "tail_probstat_stat_003_lv1",
      "recoveryProblemId": null
    },
    {
      "id": "tail_probstat_stat_003_lv1",
      "conceptNodeId": "concept_mean",
      "problemId": "prob_probstat_stat_003",
      "question": "10, 20, 30의 평균은?",
      "type": "multipleChoice",
      "correctAnswer": "20",
      "options": ["20", "15", "60", "30"],
      "hint": "모두 더해서 개수로 나누기",
      "explanation": "(10+20+30)/3 = 60/3 = 20",
      "difficulty": 1,
      "nextTailQuestionId": null,
      "recoveryProblemId": "prob_probstat_stat_003"
    }
  ]
}
