{
  "description": "중2 일차부등식 꼬리 질문 데이터",
  "questions": [
    {
      "id": "tail_middle2_ineq_001_lv2",
      "conceptNodeId": "concept_inequality_property",
      "problemId": "prob_middle2_ineq_001",
      "question": "-2x > 6의 양변을 -2로 나누면?",
      "type": "multipleChoice",
      "correctAnswer": "x < -3",
      "options": ["x > -3", "x < -3", "x > 3", "x < 3"],
      "hint": "음수로 나누면 부등호 방향이 바뀝니다",
      "explanation": "부등식의 성질: 양변을 음수로 나누면 부등호 방향이 바뀝니다.\n-2x > 6\n양변을 -2로 나누면: x < -3",
      "difficulty": 2,
      "nextTailQuestionId": "tail_middle2_ineq_001_lv1",
      "recoveryProblemId": null
    },
    {
      "id": "tail_middle2_ineq_001_lv1",
      "conceptNodeId": "concept_linear_equation_basic",
      "problemId": "prob_middle2_ineq_001",
      "question": "2x = 6을 풀면?",
      "type": "multipleChoice",
      "correctAnswer": "x = 3",
      "options": ["x = 3", "x = -3", "x = 4", "x = 12"],
      "hint": "양변을 2로 나누세요",
      "explanation": "2x = 6\n양변을 2로 나누면: x = 3",
      "difficulty": 1,
      "nextTailQuestionId": null,
      "recoveryProblemId": "prob_middle2_ineq_001"
    },
    {
      "id": "tail_middle2_ineq_002_lv2",
      "conceptNodeId": "concept_inequality_property",
      "problemId": "prob_middle2_ineq_002",
      "question": "-3x ≥ 9의 양변을 -3으로 나누면?",
      "type": "multipleChoice",
      "correctAnswer": "x ≤ -3",
      "options": ["x ≥ -3", "x ≤ -3", "x ≥ 3", "x ≤ 3"],
      "hint": "음수로 나누면 부등호 방향이 바뀝니다",
      "explanation": "부등식의 성질: 양변을 음수로 나누면 부등호 방향이 바뀝니다.\n-3x ≥ 9\n양변을 -3으로 나누면: x ≤ -3",
      "difficulty": 2,
      "nextTailQuestionId": "tail_middle2_ineq_002_lv1",
      "recoveryProblemId": null
    },
    {
      "id": "tail_middle2_ineq_002_lv1",
      "conceptNodeId": "concept_linear_equation_basic",
      "problemId": "prob_middle2_ineq_002",
      "question": "3x = 9를 풀면?",
      "type": "multipleChoice",
      "correctAnswer": "x = 3",
      "options": ["x = 3", "x = -3", "x = 6", "x = 27"],
      "hint": "양변을 3으로 나누세요",
      "explanation": "3x = 9\n양변을 3으로 나누면: x = 3",
      "difficulty": 1,
      "nextTailQuestionId": null,
      "recoveryProblemId": "prob_middle2_ineq_002"
    },
    {
      "id": "tail_middle2_ineq_003_lv2",
      "conceptNodeId": "concept_inequality_property",
      "problemId": "prob_middle2_ineq_003",
      "question": "-x < 5의 양변을 -1로 나누면?",
      "type": "multipleChoice",
      "correctAnswer": "x > -5",
      "options": ["x < -5", "x > -5", "x < 5", "x > 5"],
      "hint": "음수로 나누면 부등호 방향이 바뀝니다",
      "explanation": "부등식의 성질: 양변을 음수로 나누면 부등호 방향이 바뀝니다.\n-x < 5\n양변을 -1로 나누면: x > -5",
      "difficulty": 2,
      "nextTailQuestionId": "tail_middle2_ineq_003_lv1",
      "recoveryProblemId": null
    },
    {
      "id": "tail_middle2_ineq_003_lv1",
      "conceptNodeId": "concept_linear_equation_basic",
      "problemId": "prob_middle2_ineq_003",
      "question": "x = 5일 때 x의 값은?",
      "type": "multipleChoice",
      "correctAnswer": "x = 5",
      "options": ["x = 5", "x = -5", "x = 0", "x = 1"],
      "hint": "이미 답이 나와있습니다",
      "explanation": "x = 5",
      "difficulty": 1,
      "nextTailQuestionId": null,
      "recoveryProblemId": "prob_middle2_ineq_003"
    }
  ]
}
