{
  "description": "중2 단항식과 다항식 꼬리 질문 데이터",
  "questions": [
    {
      "id": "tail_middle2_poly_001_lv2",
      "conceptNodeId": "concept_like_terms_poly",
      "problemId": "prob_middle2_poly_001",
      "question": "3x²y + 2x²y = ?",
      "type": "multipleChoice",
      "correctAnswer": "5x²y",
      "options": ["5x²y", "6x²y", "5x⁴y²", "3x²y"],
      "hint": "문자와 차수가 같으면 계수끼리 더하세요",
      "explanation": "동류항: 문자와 차수가 같음\n3x²y + 2x²y = (3+2)x²y = 5x²y",
      "difficulty": 2,
      "nextTailQuestionId": "tail_middle2_poly_001_lv1",
      "recoveryProblemId": null
    },
    {
      "id": "tail_middle2_poly_001_lv1",
      "conceptNodeId": "concept_exponent_multiplication",
      "problemId": "prob_middle2_poly_001",
      "question": "x² × x³ = ?",
      "type": "multipleChoice",
      "correctAnswer": "x⁵",
      "options": ["x⁵", "x⁶", "x", "2x⁵"],
      "hint": "같은 밑의 거듭제곱 곱셈: 지수를 더하세요",
      "explanation": "x² × x³ = x^(2+3) = x⁵",
      "difficulty": 1,
      "nextTailQuestionId": null,
      "recoveryProblemId": "prob_middle2_poly_001"
    },
    {
      "id": "tail_middle2_poly_002_lv2",
      "conceptNodeId": "concept_like_terms_poly",
      "problemId": "prob_middle2_poly_002",
      "question": "5a³b - 2a³b = ?",
      "type": "multipleChoice",
      "correctAnswer": "3a³b",
      "options": ["3a³b", "7a³b", "3a⁶b²", "5a³b"],
      "hint": "계수끼리 뺄셈하세요",
      "explanation": "동류항의 뺄셈:\n5a³b - 2a³b = (5-2)a³b = 3a³b",
      "difficulty": 2,
      "nextTailQuestionId": "tail_middle2_poly_002_lv1",
      "recoveryProblemId": null
    },
    {
      "id": "tail_middle2_poly_002_lv1",
      "conceptNodeId": "concept_exponent_multiplication",
      "problemId": "prob_middle2_poly_002",
      "question": "a⁴ ÷ a² = ?",
      "type": "multipleChoice",
      "correctAnswer": "a²",
      "options": ["a²", "a⁶", "a", "2a²"],
      "hint": "같은 밑의 거듭제곱 나눗셈: 지수를 빼세요",
      "explanation": "a⁴ ÷ a² = a^(4-2) = a²",
      "difficulty": 1,
      "nextTailQuestionId": null,
      "recoveryProblemId": "prob_middle2_poly_002"
    },
    {
      "id": "tail_middle2_poly_003_lv2",
      "conceptNodeId": "concept_like_terms_poly",
      "problemId": "prob_middle2_poly_003",
      "question": "4xy² + 3xy² = ?",
      "type": "multipleChoice",
      "correctAnswer": "7xy²",
      "options": ["7xy²", "12xy²", "7x²y⁴", "4xy²"],
      "hint": "계수끼리 더하세요",
      "explanation": "동류항의 덧셈:\n4xy² + 3xy² = (4+3)xy² = 7xy²",
      "difficulty": 2,
      "nextTailQuestionId": "tail_middle2_poly_003_lv1",
      "recoveryProblemId": null
    },
    {
      "id": "tail_middle2_poly_003_lv1",
      "conceptNodeId": "concept_exponent_multiplication",
      "problemId": "prob_middle2_poly_003",
      "question": "(y²)³ = ?",
      "type": "multipleChoice",
      "correctAnswer": "y⁶",
      "options": ["y⁶", "y⁵", "y⁸", "3y²"],
      "hint": "거듭제곱의 거듭제곱: 지수를 곱하세요",
      "explanation": "(y²)³ = y^(2×3) = y⁶",
      "difficulty": 1,
      "nextTailQuestionId": null,
      "recoveryProblemId": "prob_middle2_poly_003"
    }
  ]
}
