{"description":"고1(상) 여러 가지 부등식 꼬리 질문","questions":[{"id":"tail_high1_ineq_001_lv2","conceptNodeId":"concept_quad_fn_graph","problemId":"prob_high1_ineq_001","question":"y=x²-5x+6 그래프에서 y>0인 x의 범위는?","type":"multipleChoice","correctAnswer":"x<2 또는 x>3","options":["x<2 또는 x>3","2<x<3","x=2 또는 x=3","모든 x"],"hint":"그래프가 x축 위쪽에 있는 구간","explanation":"x절편이 2, 3이고 아래로 볼록이므로 x<2 또는 x>3","difficulty":2,"nextTailQuestionId":"tail_high1_ineq_001_lv1","recoveryProblemId":null},{"id":"tail_high1_ineq_001_lv1","conceptNodeId":"concept_factorization_quad","problemId":"prob_high1_ineq_001","question":"x²-5x+6을 인수분해하면?","type":"multipleChoice","correctAnswer":"(x-2)(x-3)","options":["(x-2)(x-3)","(x+2)(x+3)","(x-1)(x-6)","(x+1)(x+6)"],"hint":"곱해서 6, 더해서 -5","explanation":"(x-2)(x-3)","difficulty":1,"nextTailQuestionId":null,"recoveryProblemId":"prob_high1_ineq_001"},{"id":"tail_high1_ineq_002_lv2","conceptNodeId":"concept_quad_fn_graph","problemId":"prob_high1_ineq_002","question":"y=-x²+4에서 y≥0인 x의 범위는?","type":"multipleChoice","correctAnswer":"-2≤x≤2","options":["-2≤x≤2","x≤-2 또는 x≥2","모든 x","해가 없음"],"hint":"위로 볼록 그래프","explanation":"x절편이 ±2이고 위로 볼록이므로 -2≤x≤2","difficulty":2,"nextTailQuestionId":"tail_high1_ineq_002_lv1","recoveryProblemId":null},{"id":"tail_high1_ineq_002_lv1","conceptNodeId":"concept_factorization_quad","problemId":"prob_high1_ineq_002","question":"-x²+4를 인수분해하면?","type":"multipleChoice","correctAnswer":"-(x-2)(x+2)","options":["-(x-2)(x+2)","(x-2)(x+2)","-(x-4)(x+1)","(x-4)(x+1)"],"hint":"먼저 -1을 빼내세요","explanation":"-x²+4 = -(x²-4) = -(x-2)(x+2)","difficulty":1,"nextTailQuestionId":null,"recoveryProblemId":"prob_high1_ineq_002"},{"id":"tail_high1_ineq_003_lv2","conceptNodeId":"concept_quad_fn_graph","problemId":"prob_high1_ineq_003","question":"y=x²-9에서 y<0인 x의 범위는?","type":"multipleChoice","correctAnswer":"-3<x<3","options":["-3<x<3","x<-3 또는 x>3","모든 x","해가 없음"],"hint":"그래프가 x축 아래쪽","explanation":"x절편이 ±3이고 아래로 볼록이므로 -3<x<3","difficulty":2,"nextTailQuestionId":"tail_high1_ineq_003_lv1","recoveryProblemId":null},{"id":"tail_high1_ineq_003_lv1","conceptNodeId":"concept_factorization_quad","problemId":"prob_high1_ineq_003","question":"x²-9를 인수분해하면?","type":"multipleChoice","correctAnswer":"(x-3)(x+3)","options":["(x-3)(x+3)","(x-9)(x+1)","(x-1)(x-9)","(x+9)(x-1)"],"hint":"a²-b² = (a-b)(a+b)","explanation":"x²-9 = (x-3)(x+3)","difficulty":1,"nextTailQuestionId":null,"recoveryProblemId":"prob_high1_ineq_003"}]}