{"description":"수1 지수와 로그 꼬리 질문","questions":[{"id":"tail_math1_log_001_lv2","conceptNodeId":"concept_exponent_laws","problemId":"prob_math1_log_001","question":"2³×2⁴ = ?","type":"multipleChoice","correctAnswer":"2⁷","options":["2⁷","2¹²","2","128"],"hint":"지수를 더하세요","explanation":"2³×2⁴ = 2³⁺⁴ = 2⁷","difficulty":2,"nextTailQuestionId":"tail_math1_log_001_lv1","recoveryProblemId":null},{"id":"tail_math1_log_001_lv1","conceptNodeId":"concept_log_meaning","problemId":"prob_math1_log_001","question":"log₂ 8 = ?","type":"multipleChoice","correctAnswer":"3","options":["3","8","2","16"],"hint":"2의 몇 제곱이 8인가요?","explanation":"2³ = 8이므로 log₂ 8 = 3","difficulty":1,"nextTailQuestionId":null,"recoveryProblemId":"prob_math1_log_001"},{"id":"tail_math1_log_002_lv2","conceptNodeId":"concept_exponent_laws","problemId":"prob_math1_log_002","question":"(3²)³ = ?","type":"multipleChoice","correctAnswer":"3⁶","options":["3⁶","3⁵","9³","27"],"hint":"지수를 곱하세요","explanation":"(3²)³ = 3²ˣ³ = 3⁶","difficulty":2,"nextTailQuestionId":"tail_math1_log_002_lv1","recoveryProblemId":null},{"id":"tail_math1_log_002_lv1","conceptNodeId":"concept_log_meaning","problemId":"prob_math1_log_002","question":"log₁₀ 100 = ?","type":"multipleChoice","correctAnswer":"2","options":["2","100","10","1"],"hint":"10의 몇 제곱이 100인가요?","explanation":"10² = 100이므로 log₁₀ 100 = 2","difficulty":1,"nextTailQuestionId":null,"recoveryProblemId":"prob_math1_log_002"},{"id":"tail_math1_log_003_lv2","conceptNodeId":"concept_exponent_laws","problemId":"prob_math1_log_003","question":"5⁴ ÷ 5² = ?","type":"multipleChoice","correctAnswer":"5²","options":["5²","5⁶","5","25"],"hint":"지수를 빼세요","explanation":"5⁴ ÷ 5² = 5⁴⁻² = 5²","difficulty":2,"nextTailQuestionId":"tail_math1_log_003_lv1","recoveryProblemId":null},{"id":"tail_math1_log_003_lv1","conceptNodeId":"concept_log_meaning","problemId":"prob_math1_log_003","question":"log₃ 9 = ?","type":"multipleChoice","correctAnswer":"2","options":["2","9","3","27"],"hint":"3의 몇 제곱이 9인가요?","explanation":"3² = 9이므로 log₃ 9 = 2","difficulty":1,"nextTailQuestionId":null,"recoveryProblemId":"prob_math1_log_003"}]}