{
  "description": "고1(상) 나머지정리 꼬리 질문 데이터",
  "questions": [
    {"id": "tail_high1_rem_001_lv2", "conceptNodeId": "concept_identity", "problemId": "prob_high1_remainder_001", "question": "f(x) = x² + 2x + 1일 때, f(1)의 값은?", "type": "multipleChoice", "correctAnswer": "4", "options": ["4", "3", "2", "1"], "hint": "x에 1을 대입하세요", "explanation": "f(1) = 1² + 2(1) + 1 = 4", "difficulty": 2, "nextTailQuestionId": "tail_high1_rem_001_lv1", "recoveryProblemId": null},
    {"id": "tail_high1_rem_001_lv1", "conceptNodeId": "concept_poly_division", "problemId": "prob_high1_remainder_001", "question": "x + 2를 x - 1로 나눈 나머지는?", "type": "multipleChoice", "correctAnswer": "3", "options": ["3", "2", "1", "0"], "hint": "x = 1을 대입하세요", "explanation": "x = 1일 때: 1 + 2 = 3", "difficulty": 1, "nextTailQuestionId": null, "recoveryProblemId": "prob_high1_remainder_001"},
    {"id": "tail_high1_rem_002_lv2", "conceptNodeId": "concept_identity", "problemId": "prob_high1_remainder_002", "question": "f(x) = 2x³ - x + 3일 때, f(-1)의 값은?", "type": "multipleChoice", "correctAnswer": "2", "options": ["2", "0", "4", "-2"], "hint": "x에 -1을 대입하세요", "explanation": "f(-1) = 2(-1)³ - (-1) + 3 = -2 + 1 + 3 = 2", "difficulty": 2, "nextTailQuestionId": "tail_high1_rem_002_lv1", "recoveryProblemId": null},
    {"id": "tail_high1_rem_002_lv1", "conceptNodeId": "concept_poly_division", "problemId": "prob_high1_remainder_002", "question": "2x를 x + 1로 나눈 나머지는?", "type": "multipleChoice", "correctAnswer": "-2", "options": ["-2", "2", "1", "-1"], "hint": "x = -1을 대입하세요", "explanation": "x = -1일 때: 2(-1) = -2", "difficulty": 1, "nextTailQuestionId": null, "recoveryProblemId": "prob_high1_remainder_002"},
    {"id": "tail_high1_rem_003_lv2", "conceptNodeId": "concept_identity", "problemId": "prob_high1_remainder_003", "question": "f(x) = x² - 4일 때, f(2)의 값은?", "type": "multipleChoice", "correctAnswer": "0", "options": ["0", "4", "-4", "2"], "hint": "x에 2를 대입하세요", "explanation": "f(2) = 2² - 4 = 0", "difficulty": 2, "nextTailQuestionId": "tail_high1_rem_003_lv1", "recoveryProblemId": null},
    {"id": "tail_high1_rem_003_lv1", "conceptNodeId": "concept_poly_division", "problemId": "prob_high1_remainder_003", "question": "x - 4를 x - 2로 나눈 나머지는?", "type": "multipleChoice", "correctAnswer": "-2", "options": ["-2", "2", "0", "-4"], "hint": "x = 2를 대입하세요", "explanation": "x = 2일 때: 2 - 4 = -2", "difficulty": 1, "nextTailQuestionId": null, "recoveryProblemId": "prob_high1_remainder_003"}
  ]
}
