{
  "description": "중2 일차함수 꼬리 질문 데이터",
  "questions": [
    {
      "id": "tail_middle2_linearfn_001_lv2",
      "conceptNodeId": "concept_slope",
      "problemId": "prob_middle2_linearfn_001",
      "question": "점 (1, 2)와 (3, 6) 사이의 기울기는?",
      "type": "multipleChoice",
      "correctAnswer": "2",
      "options": ["2", "3", "4", "1"],
      "hint": "기울기 = (y 증가량) / (x 증가량)",
      "explanation": "기울기 = (6-2)/(3-1) = 4/2 = 2",
      "difficulty": 2,
      "nextTailQuestionId": "tail_middle2_linearfn_001_lv1",
      "recoveryProblemId": null
    },
    {
      "id": "tail_middle2_linearfn_001_lv1",
      "conceptNodeId": "concept_coordinate_plane",
      "problemId": "prob_middle2_linearfn_001",
      "question": "점 (2, 3)의 y좌표는?",
      "type": "multipleChoice",
      "correctAnswer": "3",
      "options": ["2", "3", "5", "(2, 3)"],
      "hint": "(x, y)에서 두 번째 값이 y좌표입니다",
      "explanation": "점 (2, 3)에서 y좌표는 3입니다",
      "difficulty": 1,
      "nextTailQuestionId": null,
      "recoveryProblemId": "prob_middle2_linearfn_001"
    },
    {
      "id": "tail_middle2_linearfn_002_lv2",
      "conceptNodeId": "concept_y_intercept",
      "problemId": "prob_middle2_linearfn_002",
      "question": "y = 2x + 3에서 y절편은?",
      "type": "multipleChoice",
      "correctAnswer": "3",
      "options": ["2", "3", "5", "0"],
      "hint": "y = ax + b에서 b가 y절편입니다",
      "explanation": "y = 2x + 3에서 y절편 b = 3",
      "difficulty": 2,
      "nextTailQuestionId": "tail_middle2_linearfn_002_lv1",
      "recoveryProblemId": null
    },
    {
      "id": "tail_middle2_linearfn_002_lv1",
      "conceptNodeId": "concept_coordinate_plane",
      "problemId": "prob_middle2_linearfn_002",
      "question": "점 (0, 5)는 어느 축 위에 있나요?",
      "type": "multipleChoice",
      "correctAnswer": "y축",
      "options": ["x축", "y축", "원점", "어느 축에도 없음"],
      "hint": "x좌표가 0이면 y축 위에 있습니다",
      "explanation": "x = 0이므로 y축 위의 점입니다",
      "difficulty": 1,
      "nextTailQuestionId": null,
      "recoveryProblemId": "prob_middle2_linearfn_002"
    },
    {
      "id": "tail_middle2_linearfn_003_lv2",
      "conceptNodeId": "concept_slope",
      "problemId": "prob_middle2_linearfn_003",
      "question": "점 (0, 1)과 (2, 5) 사이의 기울기는?",
      "type": "multipleChoice",
      "correctAnswer": "2",
      "options": ["2", "3", "4", "1"],
      "hint": "기울기 = (y 증가량) / (x 증가량)",
      "explanation": "기울기 = (5-1)/(2-0) = 4/2 = 2",
      "difficulty": 2,
      "nextTailQuestionId": "tail_middle2_linearfn_003_lv1",
      "recoveryProblemId": null
    },
    {
      "id": "tail_middle2_linearfn_003_lv1",
      "conceptNodeId": "concept_coordinate_plane",
      "problemId": "prob_middle2_linearfn_003",
      "question": "점 (3, 0)는 어느 축 위에 있나요?",
      "type": "multipleChoice",
      "correctAnswer": "x축",
      "options": ["x축", "y축", "원점", "어느 축에도 없음"],
      "hint": "y좌표가 0이면 x축 위에 있습니다",
      "explanation": "y = 0이므로 x축 위의 점입니다",
      "difficulty": 1,
      "nextTailQuestionId": null,
      "recoveryProblemId": "prob_middle2_linearfn_003"
    }
  ]
}
