{
  "description": "중1 소인수분해 꼬리 질문 데이터",
  "questions": [
    {
      "id": "tail_middle1_pf_001_lv2",
      "conceptNodeId": "concept_exponent_notation",
      "problemId": "prob_middle1_prime_fact_001",
      "question": "2³은 무엇을 의미하나요?",
      "type": "multipleChoice",
      "correctAnswer": "2를 3번 곱한 것",
      "options": [
        "2 + 3",
        "2를 3번 곱한 것",
        "2 × 3",
        "3을 2번 곱한 것"
      ],
      "hint": "거듭제곱은 같은 수를 여러 번 곱하는 것을 나타내요",
      "explanation": "2³ = 2 × 2 × 2 = 8\n위 첨자 3은 2를 3번 곱한다는 의미입니다.",
      "difficulty": 2,
      "nextTailQuestionId": "tail_middle1_pf_001_lv1",
      "recoveryProblemId": null
    },
    {
      "id": "tail_middle1_pf_001_lv1",
      "conceptNodeId": "concept_multiplication",
      "problemId": "prob_middle1_prime_fact_001",
      "question": "2 × 2 × 2 = ?",
      "type": "multipleChoice",
      "correctAnswer": "8",
      "options": [
        "6",
        "8",
        "12",
        "16"
      ],
      "hint": "2를 세 번 곱해보세요",
      "explanation": "2 × 2 = 4\n4 × 2 = 8",
      "difficulty": 1,
      "nextTailQuestionId": null,
      "recoveryProblemId": "prob_middle1_prime_fact_001"
    },
    {
      "id": "tail_middle1_pf_002_lv2",
      "conceptNodeId": "concept_exponent_notation",
      "problemId": "prob_middle1_prime_fact_002",
      "question": "3²은 무엇을 의미하나요?",
      "type": "multipleChoice",
      "correctAnswer": "3을 2번 곱한 것",
      "options": [
        "3 + 2",
        "3 × 2",
        "3을 2번 곱한 것",
        "2를 3번 곱한 것"
      ],
      "hint": "거듭제곱은 같은 수를 여러 번 곱하는 것을 나타내요",
      "explanation": "3² = 3 × 3 = 9\n위 첨자 2는 3을 2번 곱한다는 의미입니다.",
      "difficulty": 2,
      "nextTailQuestionId": "tail_middle1_pf_002_lv1",
      "recoveryProblemId": null
    },
    {
      "id": "tail_middle1_pf_002_lv1",
      "conceptNodeId": "concept_multiplication",
      "problemId": "prob_middle1_prime_fact_002",
      "question": "3 × 3 = ?",
      "type": "multipleChoice",
      "correctAnswer": "9",
      "options": [
        "6",
        "9",
        "12",
        "27"
      ],
      "hint": "구구단 3단을 떠올려보세요",
      "explanation": "3 × 3 = 9 (구구단 삼삼은 구)",
      "difficulty": 1,
      "nextTailQuestionId": null,
      "recoveryProblemId": "prob_middle1_prime_fact_002"
    },
    {
      "id": "tail_middle1_pf_003_lv2",
      "conceptNodeId": "concept_exponent_notation",
      "problemId": "prob_middle1_prime_fact_003",
      "question": "5²은 무엇을 의미하나요?",
      "type": "multipleChoice",
      "correctAnswer": "5를 2번 곱한 것",
      "options": [
        "5 + 2",
        "5 × 2",
        "5를 2번 곱한 것",
        "2를 5번 곱한 것"
      ],
      "hint": "거듭제곱은 같은 수를 여러 번 곱하는 것을 나타내요",
      "explanation": "5² = 5 × 5 = 25\n위 첨자 2는 5를 2번 곱한다는 의미입니다.",
      "difficulty": 2,
      "nextTailQuestionId": "tail_middle1_pf_003_lv1",
      "recoveryProblemId": null
    },
    {
      "id": "tail_middle1_pf_003_lv1",
      "conceptNodeId": "concept_multiplication",
      "problemId": "prob_middle1_prime_fact_003",
      "question": "5 × 5 = ?",
      "type": "multipleChoice",
      "correctAnswer": "25",
      "options": [
        "10",
        "20",
        "25",
        "30"
      ],
      "hint": "구구단 5단을 떠올려보세요",
      "explanation": "5 × 5 = 25 (구구단 오오는 이십오)",
      "difficulty": 1,
      "nextTailQuestionId": null,
      "recoveryProblemId": "prob_middle1_prime_fact_003"
    }
  ]
}
