{
  "description": "중2 연립방정식 꼬리 질문 데이터",
  "questions": [
    {
      "id": "tail_middle2_simul_001_lv2",
      "conceptNodeId": "concept_elimination",
      "problemId": "prob_middle2_simul_001",
      "question": "x + y = 5와 x - y = 1을 더하면?",
      "type": "multipleChoice",
      "correctAnswer": "2x = 6",
      "options": ["2x = 6", "2y = 6", "2x = 4", "x = 3"],
      "hint": "같은 문자끼리 더하세요",
      "explanation": "(x + y) + (x - y) = 5 + 1\n2x = 6",
      "difficulty": 2,
      "nextTailQuestionId": "tail_middle2_simul_001_lv1",
      "recoveryProblemId": null
    },
    {
      "id": "tail_middle2_simul_001_lv1",
      "conceptNodeId": "concept_linear_equation_solving",
      "problemId": "prob_middle2_simul_001",
      "question": "2x = 6을 풀면?",
      "type": "multipleChoice",
      "correctAnswer": "x = 3",
      "options": ["x = 3", "x = 4", "x = 12", "x = 8"],
      "hint": "양변을 2로 나누세요",
      "explanation": "2x = 6\nx = 3",
      "difficulty": 1,
      "nextTailQuestionId": null,
      "recoveryProblemId": "prob_middle2_simul_001"
    },
    {
      "id": "tail_middle2_simul_002_lv2",
      "conceptNodeId": "concept_substitution",
      "problemId": "prob_middle2_simul_002",
      "question": "y = 2x - 1을 x + y = 5에 대입하면?",
      "type": "multipleChoice",
      "correctAnswer": "x + (2x - 1) = 5",
      "options": ["x + (2x - 1) = 5", "x + 2x = 5", "3x = 5", "x + y = 2x - 1"],
      "hint": "y 자리에 2x - 1을 넣으세요",
      "explanation": "y = 2x - 1을 대입:\nx + y = 5\nx + (2x - 1) = 5",
      "difficulty": 2,
      "nextTailQuestionId": "tail_middle2_simul_002_lv1",
      "recoveryProblemId": null
    },
    {
      "id": "tail_middle2_simul_002_lv1",
      "conceptNodeId": "concept_linear_equation_solving",
      "problemId": "prob_middle2_simul_002",
      "question": "3x - 1 = 5를 풀면?",
      "type": "multipleChoice",
      "correctAnswer": "x = 2",
      "options": ["x = 2", "x = 3", "x = 4", "x = 6"],
      "hint": "이항하여 계산하세요",
      "explanation": "3x = 6\nx = 2",
      "difficulty": 1,
      "nextTailQuestionId": null,
      "recoveryProblemId": "prob_middle2_simul_002"
    },
    {
      "id": "tail_middle2_simul_003_lv2",
      "conceptNodeId": "concept_elimination",
      "problemId": "prob_middle2_simul_003",
      "question": "2x + y = 7과 2x - y = 3을 더하면?",
      "type": "multipleChoice",
      "correctAnswer": "4x = 10",
      "options": ["4x = 10", "4x = 4", "2y = 10", "x = 5"],
      "hint": "y가 소거됩니다",
      "explanation": "(2x + y) + (2x - y) = 7 + 3\n4x = 10",
      "difficulty": 2,
      "nextTailQuestionId": "tail_middle2_simul_003_lv1",
      "recoveryProblemId": null
    },
    {
      "id": "tail_middle2_simul_003_lv1",
      "conceptNodeId": "concept_linear_equation_solving",
      "problemId": "prob_middle2_simul_003",
      "question": "4x = 10을 풀면?",
      "type": "multipleChoice",
      "correctAnswer": "x = 2.5",
      "options": ["x = 2.5", "x = 2", "x = 3", "x = 5"],
      "hint": "양변을 4로 나누세요",
      "explanation": "4x = 10\nx = 2.5",
      "difficulty": 1,
      "nextTailQuestionId": null,
      "recoveryProblemId": "prob_middle2_simul_003"
    }
  ]
}
