{
  "description": "중1 일차방정식 꼬리 질문 데이터",
  "questions": [
    {
      "id": "tail_middle1_lineq_001_lv2",
      "conceptNodeId": "concept_transposition",
      "problemId": "prob_middle1_linear_eq_001",
      "question": "3x - 5 = x + 7에서 x를 왼쪽으로, -5를 오른쪽으로 이항하면?",
      "type": "multipleChoice",
      "correctAnswer": "3x - x = 7 + 5",
      "options": [
        "3x - x = 7 - 5",
        "3x - x = 7 + 5",
        "3x + x = 7 + 5",
        "3x + x = 7 - 5"
      ],
      "hint": "이항할 때는 부호를 바꿔요. -5가 오른쪽으로 가면 +5가 됩니다",
      "explanation": "이항: 등호를 넘어갈 때 부호를 바꿉니다.\nx → -x (왼쪽으로)\n-5 → +5 (오른쪽으로)\n결과: 3x - x = 7 + 5",
      "difficulty": 2,
      "nextTailQuestionId": "tail_middle1_lineq_001_lv1",
      "recoveryProblemId": null
    },
    {
      "id": "tail_middle1_lineq_001_lv1",
      "conceptNodeId": "concept_like_terms",
      "problemId": "prob_middle1_linear_eq_001",
      "question": "3x - x = ?",
      "type": "multipleChoice",
      "correctAnswer": "2x",
      "options": [
        "3",
        "2x",
        "4x",
        "x"
      ],
      "hint": "x의 계수끼리 계산하세요: 3 - 1 = 2",
      "explanation": "동류항의 계산:\n3x - x = (3-1)x = 2x",
      "difficulty": 1,
      "nextTailQuestionId": null,
      "recoveryProblemId": "prob_middle1_linear_eq_001"
    },
    {
      "id": "tail_middle1_lineq_002_lv2",
      "conceptNodeId": "concept_transposition",
      "problemId": "prob_middle1_linear_eq_002",
      "question": "2x + 3 = 5x - 9에서 5x를 왼쪽으로, 3을 오른쪽으로 이항하면?",
      "type": "multipleChoice",
      "correctAnswer": "2x - 5x = -9 - 3",
      "options": [
        "2x - 5x = -9 + 3",
        "2x - 5x = -9 - 3",
        "2x + 5x = -9 - 3",
        "2x - 5x = 9 - 3"
      ],
      "hint": "이항할 때는 부호를 바꿔요. +3이 오른쪽으로 가면 -3이 됩니다",
      "explanation": "이항: 등호를 넘어갈 때 부호를 바꿉니다.\n5x → -5x (왼쪽으로)\n+3 → -3 (오른쪽으로)\n결과: 2x - 5x = -9 - 3",
      "difficulty": 2,
      "nextTailQuestionId": "tail_middle1_lineq_002_lv1",
      "recoveryProblemId": null
    },
    {
      "id": "tail_middle1_lineq_002_lv1",
      "conceptNodeId": "concept_like_terms",
      "problemId": "prob_middle1_linear_eq_002",
      "question": "2x - 5x = ?",
      "type": "multipleChoice",
      "correctAnswer": "-3x",
      "options": [
        "3x",
        "-3x",
        "7x",
        "-7x"
      ],
      "hint": "x의 계수끼리 계산하세요: 2 - 5 = -3",
      "explanation": "동류항의 계산:\n2x - 5x = (2-5)x = -3x",
      "difficulty": 1,
      "nextTailQuestionId": null,
      "recoveryProblemId": "prob_middle1_linear_eq_002"
    },
    {
      "id": "tail_middle1_lineq_003_lv2",
      "conceptNodeId": "concept_transposition",
      "problemId": "prob_middle1_linear_eq_003",
      "question": "4x - 7 = 2x + 5에서 2x를 왼쪽으로, -7을 오른쪽으로 이항하면?",
      "type": "multipleChoice",
      "correctAnswer": "4x - 2x = 5 + 7",
      "options": [
        "4x - 2x = 5 - 7",
        "4x - 2x = 5 + 7",
        "4x + 2x = 5 + 7",
        "4x + 2x = 5 - 7"
      ],
      "hint": "이항할 때는 부호를 바꿔요. -7이 오른쪽으로 가면 +7이 됩니다",
      "explanation": "이항: 등호를 넘어갈 때 부호를 바꿉니다.\n2x → -2x (왼쪽으로)\n-7 → +7 (오른쪽으로)\n결과: 4x - 2x = 5 + 7",
      "difficulty": 2,
      "nextTailQuestionId": "tail_middle1_lineq_003_lv1",
      "recoveryProblemId": null
    },
    {
      "id": "tail_middle1_lineq_003_lv1",
      "conceptNodeId": "concept_like_terms",
      "problemId": "prob_middle1_linear_eq_003",
      "question": "4x - 2x = ?",
      "type": "multipleChoice",
      "correctAnswer": "2x",
      "options": [
        "2x",
        "6x",
        "2",
        "x"
      ],
      "hint": "x의 계수끼리 계산하세요: 4 - 2 = 2",
      "explanation": "동류항의 계산:\n4x - 2x = (4-2)x = 2x",
      "difficulty": 1,
      "nextTailQuestionId": null,
      "recoveryProblemId": "prob_middle1_linear_eq_003"
    }
  ]
}
