{
  "description": "수2 적분 꼬리 질문",
  "questions": [
    {
      "id": "tail_math2_integral_001_lv2",
      "conceptNodeId": "concept_indefinite_integral",
      "problemId": "prob_math2_integral_001",
      "question": "∫x²dx = ?",
      "type": "multipleChoice",
      "correctAnswer": "x³/3 + C",
      "options": ["x³/3 + C", "2x + C", "x³ + C", "x²/2 + C"],
      "hint": "∫xⁿdx = xⁿ⁺¹/(n+1) + C",
      "explanation": "∫x²dx = x²⁺¹/(2+1) + C = x³/3 + C",
      "difficulty": 2,
      "nextTailQuestionId": "tail_math2_integral_001_lv1",
      "recoveryProblemId": null
    },
    {
      "id": "tail_math2_integral_001_lv1",
      "conceptNodeId": "concept_inverse_operation",
      "problemId": "prob_math2_integral_001",
      "question": "(x³)'= ?",
      "type": "multipleChoice",
      "correctAnswer": "3x²",
      "options": ["3x²", "x²", "x³", "3x"],
      "hint": "미분하세요",
      "explanation": "(x³)' = 3x²",
      "difficulty": 1,
      "nextTailQuestionId": null,
      "recoveryProblemId": "prob_math2_integral_001"
    },
    {
      "id": "tail_math2_integral_002_lv2",
      "conceptNodeId": "concept_indefinite_integral",
      "problemId": "prob_math2_integral_002",
      "question": "∫3x²dx = ?",
      "type": "multipleChoice",
      "correctAnswer": "x³ + C",
      "options": ["x³ + C", "3x³ + C", "x³/3 + C", "6x + C"],
      "hint": "상수는 밖으로",
      "explanation": "∫3x²dx = 3·(x³/3) + C = x³ + C",
      "difficulty": 2,
      "nextTailQuestionId": "tail_math2_integral_002_lv1",
      "recoveryProblemId": null
    },
    {
      "id": "tail_math2_integral_002_lv1",
      "conceptNodeId": "concept_inverse_operation",
      "problemId": "prob_math2_integral_002",
      "question": "(2x)' = ?",
      "type": "multipleChoice",
      "correctAnswer": "2",
      "options": ["2", "2x", "x", "0"],
      "hint": "미분하세요",
      "explanation": "(2x)' = 2",
      "difficulty": 1,
      "nextTailQuestionId": null,
      "recoveryProblemId": "prob_math2_integral_002"
    },
    {
      "id": "tail_math2_integral_003_lv2",
      "conceptNodeId": "concept_indefinite_integral",
      "problemId": "prob_math2_integral_003",
      "question": "∫xdx = ?",
      "type": "multipleChoice",
      "correctAnswer": "x²/2 + C",
      "options": ["x²/2 + C", "x² + C", "x + C", "1 + C"],
      "hint": "∫x¹dx",
      "explanation": "∫xdx = x²/2 + C",
      "difficulty": 2,
      "nextTailQuestionId": "tail_math2_integral_003_lv1",
      "recoveryProblemId": null
    },
    {
      "id": "tail_math2_integral_003_lv1",
      "conceptNodeId": "concept_inverse_operation",
      "problemId": "prob_math2_integral_003",
      "question": "(x²)' = ?",
      "type": "multipleChoice",
      "correctAnswer": "2x",
      "options": ["2x", "x", "x²", "2"],
      "hint": "미분하세요",
      "explanation": "(x²)' = 2x",
      "difficulty": 1,
      "nextTailQuestionId": null,
      "recoveryProblemId": "prob_math2_integral_003"
    }
  ]
}
