{
  "description": "중3 이차방정식 꼬리 질문 데이터",
  "questions": [
    {"id": "tail_middle3_quadeq_001_lv2", "conceptNodeId": "concept_square_root", "problemId": "prob_middle3_quadeq_001", "question": "√16의 값은?", "type": "multipleChoice", "correctAnswer": "4", "options": ["4", "8", "2", "16"], "hint": "어떤 수를 제곱하면 16이 될까요?", "explanation": "4² = 16이므로 √16 = 4", "difficulty": 2, "nextTailQuestionId": "tail_middle3_quadeq_001_lv1", "recoveryProblemId": null},
    {"id": "tail_middle3_quadeq_001_lv1", "conceptNodeId": "concept_substitution_calc", "problemId": "prob_middle3_quadeq_001", "question": "a = 2, b = 3일 때 a + b = ?", "type": "multipleChoice", "correctAnswer": "5", "options": ["5", "6", "1", "23"], "hint": "값을 대입하여 계산하세요", "explanation": "2 + 3 = 5", "difficulty": 1, "nextTailQuestionId": null, "recoveryProblemId": "prob_middle3_quadeq_001"},
    {"id": "tail_middle3_quadeq_002_lv2", "conceptNodeId": "concept_square_root", "problemId": "prob_middle3_quadeq_002", "question": "√25의 값은?", "type": "multipleChoice", "correctAnswer": "5", "options": ["5", "25", "10", "2.5"], "hint": "5² = 25", "explanation": "√25 = 5", "difficulty": 2, "nextTailQuestionId": "tail_middle3_quadeq_002_lv1", "recoveryProblemId": null},
    {"id": "tail_middle3_quadeq_002_lv1", "conceptNodeId": "concept_substitution_calc", "problemId": "prob_middle3_quadeq_002", "question": "x = 3일 때 2x = ?", "type": "multipleChoice", "correctAnswer": "6", "options": ["6", "5", "3", "9"], "hint": "3에 2를 곱하세요", "explanation": "2 × 3 = 6", "difficulty": 1, "nextTailQuestionId": null, "recoveryProblemId": "prob_middle3_quadeq_002"},
    {"id": "tail_middle3_quadeq_003_lv2", "conceptNodeId": "concept_square_root", "problemId": "prob_middle3_quadeq_003", "question": "√9의 값은?", "type": "multipleChoice", "correctAnswer": "3", "options": ["3", "9", "4.5", "81"], "hint": "3² = 9", "explanation": "√9 = 3", "difficulty": 2, "nextTailQuestionId": "tail_middle3_quadeq_003_lv1", "recoveryProblemId": null},
    {"id": "tail_middle3_quadeq_003_lv1", "conceptNodeId": "concept_substitution_calc", "problemId": "prob_middle3_quadeq_003", "question": "a = 4, b = -2일 때 a + b = ?", "type": "multipleChoice", "correctAnswer": "2", "options": ["2", "6", "-2", "4"], "hint": "4 + (-2) = 4 - 2", "explanation": "4 + (-2) = 2", "difficulty": 1, "nextTailQuestionId": null, "recoveryProblemId": "prob_middle3_quadeq_003"}
  ]
}
