{
  "description": "수2 함수의 극한 꼬리 질문",
  "questions": [
    {
      "id": "tail_math2_limit_001_lv2",
      "conceptNodeId": "concept_limit_property",
      "problemId": "prob_math2_limit_001",
      "question": "lim(x→2) (3x + 1) = ?",
      "type": "multipleChoice",
      "correctAnswer": "7",
      "options": ["7", "5", "6", "8"],
      "hint": "x=2를 대입하세요",
      "explanation": "lim(x→2) (3x + 1) = 3(2) + 1 = 7",
      "difficulty": 2,
      "nextTailQuestionId": "tail_math2_limit_001_lv1",
      "recoveryProblemId": null
    },
    {
      "id": "tail_math2_limit_001_lv1",
      "conceptNodeId": "concept_function_value",
      "problemId": "prob_math2_limit_001",
      "question": "f(x) = 2x + 3일 때, f(1) = ?",
      "type": "multipleChoice",
      "correctAnswer": "5",
      "options": ["5", "3", "2", "6"],
      "hint": "x=1을 대입하세요",
      "explanation": "f(1) = 2(1) + 3 = 5",
      "difficulty": 1,
      "nextTailQuestionId": null,
      "recoveryProblemId": "prob_math2_limit_001"
    },
    {
      "id": "tail_math2_limit_002_lv2",
      "conceptNodeId": "concept_limit_property",
      "problemId": "prob_math2_limit_002",
      "question": "lim(x→1) (x² + 2x) = ?",
      "type": "multipleChoice",
      "correctAnswer": "3",
      "options": ["3", "2", "4", "1"],
      "hint": "x=1을 대입하세요",
      "explanation": "lim(x→1) (x² + 2x) = 1² + 2(1) = 3",
      "difficulty": 2,
      "nextTailQuestionId": "tail_math2_limit_002_lv1",
      "recoveryProblemId": null
    },
    {
      "id": "tail_math2_limit_002_lv1",
      "conceptNodeId": "concept_function_value",
      "problemId": "prob_math2_limit_002",
      "question": "f(x) = x²일 때, f(3) = ?",
      "type": "multipleChoice",
      "correctAnswer": "9",
      "options": ["9", "6", "3", "12"],
      "hint": "x=3을 대입하세요",
      "explanation": "f(3) = 3² = 9",
      "difficulty": 1,
      "nextTailQuestionId": null,
      "recoveryProblemId": "prob_math2_limit_002"
    },
    {
      "id": "tail_math2_limit_003_lv2",
      "conceptNodeId": "concept_limit_property",
      "problemId": "prob_math2_limit_003",
      "question": "lim(x→0) (5x - 1) = ?",
      "type": "multipleChoice",
      "correctAnswer": "-1",
      "options": ["-1", "0", "5", "1"],
      "hint": "x=0을 대입하세요",
      "explanation": "lim(x→0) (5x - 1) = 5(0) - 1 = -1",
      "difficulty": 2,
      "nextTailQuestionId": "tail_math2_limit_003_lv1",
      "recoveryProblemId": null
    },
    {
      "id": "tail_math2_limit_003_lv1",
      "conceptNodeId": "concept_function_value",
      "problemId": "prob_math2_limit_003",
      "question": "f(x) = x - 4일 때, f(2) = ?",
      "type": "multipleChoice",
      "correctAnswer": "-2",
      "options": ["-2", "2", "-4", "6"],
      "hint": "x=2를 대입하세요",
      "explanation": "f(2) = 2 - 4 = -2",
      "difficulty": 1,
      "nextTailQuestionId": null,
      "recoveryProblemId": "prob_math2_limit_003"
    }
  ]
}
