{
  "description": "수2 도함수의 활용 꼬리 질문",
  "questions": [
    {
      "id": "tail_math2_derivapp_001_lv2",
      "conceptNodeId": "concept_derivative_sign",
      "problemId": "prob_math2_derivapp_001",
      "question": "f'(x) = (x-1)(x-3)일 때, f(x)가 증가하는 구간은?",
      "type": "multipleChoice",
      "correctAnswer": "x<1, x>3",
      "options": ["x<1, x>3", "1<x<3", "x<3", "모든 x"],
      "hint": "f'(x)>0인 구간",
      "explanation": "f'(x)>0 ⟺ (x-1)(x-3)>0 ⟺ x<1 또는 x>3",
      "difficulty": 2,
      "nextTailQuestionId": "tail_math2_derivapp_001_lv1",
      "recoveryProblemId": null
    },
    {
      "id": "tail_math2_derivapp_001_lv1",
      "conceptNodeId": "concept_quad_extremum",
      "problemId": "prob_math2_derivapp_001",
      "question": "y = -(x-2)² + 5의 최댓값은?",
      "type": "multipleChoice",
      "correctAnswer": "5",
      "options": ["5", "2", "-5", "3"],
      "hint": "꼭짓점에서 최대",
      "explanation": "a<0이므로 최댓값은 5 (x=2일 때)",
      "difficulty": 1,
      "nextTailQuestionId": null,
      "recoveryProblemId": "prob_math2_derivapp_001"
    },
    {
      "id": "tail_math2_derivapp_002_lv2",
      "conceptNodeId": "concept_derivative_sign",
      "problemId": "prob_math2_derivapp_002",
      "question": "f'(x) = 3x²-3일 때, f'(x)=0인 x는?",
      "type": "multipleChoice",
      "correctAnswer": "x=±1",
      "options": ["x=±1", "x=1", "x=0", "x=3"],
      "hint": "3x²-3=0 풀기",
      "explanation": "3x²-3=0 ⟹ x²=1 ⟹ x=±1",
      "difficulty": 2,
      "nextTailQuestionId": "tail_math2_derivapp_002_lv1",
      "recoveryProblemId": null
    },
    {
      "id": "tail_math2_derivapp_002_lv1",
      "conceptNodeId": "concept_quad_extremum",
      "problemId": "prob_math2_derivapp_002",
      "question": "y = (x-1)² + 3의 최솟값은?",
      "type": "multipleChoice",
      "correctAnswer": "3",
      "options": ["3", "1", "0", "4"],
      "hint": "꼭짓점에서 최소",
      "explanation": "a>0이므로 최솟값은 3 (x=1일 때)",
      "difficulty": 1,
      "nextTailQuestionId": null,
      "recoveryProblemId": "prob_math2_derivapp_002"
    },
    {
      "id": "tail_math2_derivapp_003_lv2",
      "conceptNodeId": "concept_derivative_sign",
      "problemId": "prob_math2_derivapp_003",
      "question": "f'(x) = 2x - 4일 때, f'(x)=0인 x는?",
      "type": "multipleChoice",
      "correctAnswer": "x=2",
      "options": ["x=2", "x=4", "x=-2", "x=0"],
      "hint": "2x-4=0 풀기",
      "explanation": "2x-4=0 ⟹ x=2",
      "difficulty": 2,
      "nextTailQuestionId": "tail_math2_derivapp_003_lv1",
      "recoveryProblemId": null
    },
    {
      "id": "tail_math2_derivapp_003_lv1",
      "conceptNodeId": "concept_quad_extremum",
      "problemId": "prob_math2_derivapp_003",
      "question": "y = -x² + 4의 최댓값은?",
      "type": "multipleChoice",
      "correctAnswer": "4",
      "options": ["4", "0", "-4", "2"],
      "hint": "꼭짓점 (0,4)에서 최대",
      "explanation": "a<0이므로 최댓값은 4 (x=0일 때)",
      "difficulty": 1,
      "nextTailQuestionId": null,
      "recoveryProblemId": "prob_math2_derivapp_003"
    }
  ]
}
