{
  "description": "중3 인수분해 꼬리 질문 데이터",
  "questions": [
    {
      "id": "tail_middle3_factor_001_lv2",
      "conceptNodeId": "concept_expansion_formula",
      "problemId": "prob_middle3_factor_001",
      "question": "(x+2)(x+3)을 전개하면?",
      "type": "multipleChoice",
      "correctAnswer": "x² + 5x + 6",
      "options": ["x² + 5x + 6", "x² + 6x + 5", "x² + 5x + 5", "x² + 6x + 6"],
      "hint": "곱셈 공식: (x+a)(x+b) = x² + (a+b)x + ab",
      "explanation": "(x+2)(x+3) = x² + (2+3)x + 2×3 = x² + 5x + 6",
      "difficulty": 2,
      "nextTailQuestionId": "tail_middle3_factor_001_lv1",
      "recoveryProblemId": null
    },
    {
      "id": "tail_middle3_factor_001_lv1",
      "conceptNodeId": "concept_integer_pair",
      "problemId": "prob_middle3_factor_001",
      "question": "곱해서 6이 되고, 더해서 5가 되는 두 수는?",
      "type": "multipleChoice",
      "correctAnswer": "2, 3",
      "options": ["2, 3", "1, 6", "1, 5", "-2, -3"],
      "hint": "a × b = 6, a + b = 5",
      "explanation": "2 × 3 = 6, 2 + 3 = 5",
      "difficulty": 1,
      "nextTailQuestionId": null,
      "recoveryProblemId": "prob_middle3_factor_001"
    },
    {
      "id": "tail_middle3_factor_002_lv2",
      "conceptNodeId": "concept_expansion_formula",
      "problemId": "prob_middle3_factor_002",
      "question": "(x-2)(x-4)를 전개하면?",
      "type": "multipleChoice",
      "correctAnswer": "x² - 6x + 8",
      "options": ["x² - 6x + 8", "x² + 6x + 8", "x² - 6x - 8", "x² - 8x + 6"],
      "hint": "부호에 주의하세요",
      "explanation": "(x-2)(x-4) = x² + (-2-4)x + (-2)×(-4) = x² - 6x + 8",
      "difficulty": 2,
      "nextTailQuestionId": "tail_middle3_factor_002_lv1",
      "recoveryProblemId": null
    },
    {
      "id": "tail_middle3_factor_002_lv1",
      "conceptNodeId": "concept_integer_pair",
      "problemId": "prob_middle3_factor_002",
      "question": "곱해서 8이 되고, 더해서 -6이 되는 두 수는?",
      "type": "multipleChoice",
      "correctAnswer": "-2, -4",
      "options": ["-2, -4", "2, 4", "-1, -8", "1, 8"],
      "hint": "음수끼리 곱하면 양수가 됩니다",
      "explanation": "(-2) × (-4) = 8, (-2) + (-4) = -6",
      "difficulty": 1,
      "nextTailQuestionId": null,
      "recoveryProblemId": "prob_middle3_factor_002"
    },
    {
      "id": "tail_middle3_factor_003_lv2",
      "conceptNodeId": "concept_expansion_formula",
      "problemId": "prob_middle3_factor_003",
      "question": "(x+3)(x-2)를 전개하면?",
      "type": "multipleChoice",
      "correctAnswer": "x² + x - 6",
      "options": ["x² + x - 6", "x² - x - 6", "x² + x + 6", "x² + 5x - 6"],
      "hint": "서로 다른 부호의 곱셈에 주의",
      "explanation": "(x+3)(x-2) = x² + (3-2)x + 3×(-2) = x² + x - 6",
      "difficulty": 2,
      "nextTailQuestionId": "tail_middle3_factor_003_lv1",
      "recoveryProblemId": null
    },
    {
      "id": "tail_middle3_factor_003_lv1",
      "conceptNodeId": "concept_integer_pair",
      "problemId": "prob_middle3_factor_003",
      "question": "곱해서 -6이 되고, 더해서 1이 되는 두 수는?",
      "type": "multipleChoice",
      "correctAnswer": "3, -2",
      "options": ["3, -2", "-3, 2", "6, -1", "-6, 1"],
      "hint": "양수와 음수의 곱은 음수입니다",
      "explanation": "3 × (-2) = -6, 3 + (-2) = 1",
      "difficulty": 1,
      "nextTailQuestionId": null,
      "recoveryProblemId": "prob_middle3_factor_003"
    }
  ]
}
