{
  "description": "확률과 통계 - 확률 꼬리 질문",
  "questions": [
    {
      "id": "tail_probstat_prob_001_lv2",
      "conceptNodeId": "concept_prob_rule",
      "problemId": "prob_probstat_prob_001",
      "question": "두 사건 A, B가 배반사건일 때, P(A∪B) = ?",
      "type": "multipleChoice",
      "correctAnswer": "P(A) + P(B)",
      "options": ["P(A) + P(B)", "P(A)P(B)", "P(A) - P(B)", "1"],
      "hint": "배반사건: P(A∩B)=0",
      "explanation": "배반사건이면 P(A∪B) = P(A) + P(B) - 0 = P(A) + P(B)",
      "difficulty": 2,
      "nextTailQuestionId": "tail_probstat_prob_001_lv1",
      "recoveryProblemId": null
    },
    {
      "id": "tail_probstat_prob_001_lv1",
      "conceptNodeId": "concept_prob_def",
      "problemId": "prob_probstat_prob_001",
      "question": "주사위 1개를 던질 때, 3의 배수가 나올 확률은?",
      "type": "multipleChoice",
      "correctAnswer": "1/3",
      "options": ["1/3", "1/2", "1/6", "2/3"],
      "hint": "3의 배수는 3, 6",
      "explanation": "P = 2/6 = 1/3",
      "difficulty": 1,
      "nextTailQuestionId": null,
      "recoveryProblemId": "prob_probstat_prob_001"
    },
    {
      "id": "tail_probstat_prob_002_lv2",
      "conceptNodeId": "concept_prob_rule",
      "problemId": "prob_probstat_prob_002",
      "question": "P(A)=1/2, P(B)=1/3일 때, A와 B가 독립이면 P(A∩B) = ?",
      "type": "multipleChoice",
      "correctAnswer": "1/6",
      "options": ["1/6", "5/6", "1/3", "1/2"],
      "hint": "독립이면 P(A∩B) = P(A)P(B)",
      "explanation": "P(A∩B) = (1/2)(1/3) = 1/6",
      "difficulty": 2,
      "nextTailQuestionId": "tail_probstat_prob_002_lv1",
      "recoveryProblemId": null
    },
    {
      "id": "tail_probstat_prob_002_lv1",
      "conceptNodeId": "concept_prob_def",
      "problemId": "prob_probstat_prob_002",
      "question": "동전 1개를 던질 때, 앞면이 나올 확률은?",
      "type": "multipleChoice",
      "correctAnswer": "1/2",
      "options": ["1/2", "1", "0", "1/4"],
      "hint": "전체 2가지 중 1가지",
      "explanation": "P = 1/2",
      "difficulty": 1,
      "nextTailQuestionId": null,
      "recoveryProblemId": "prob_probstat_prob_002"
    },
    {
      "id": "tail_probstat_prob_003_lv2",
      "conceptNodeId": "concept_prob_rule",
      "problemId": "prob_probstat_prob_003",
      "question": "P(A)=0.6, P(B)=0.5, P(A∩B)=0.3일 때, P(A∪B) = ?",
      "type": "multipleChoice",
      "correctAnswer": "0.8",
      "options": ["0.8", "1.1", "0.3", "0.5"],
      "hint": "P(A∪B) = P(A)+P(B)-P(A∩B)",
      "explanation": "P(A∪B) = 0.6+0.5-0.3 = 0.8",
      "difficulty": 2,
      "nextTailQuestionId": "tail_probstat_prob_003_lv1",
      "recoveryProblemId": null
    },
    {
      "id": "tail_probstat_prob_003_lv1",
      "conceptNodeId": "concept_prob_def",
      "problemId": "prob_probstat_prob_003",
      "question": "주사위 1개를 던질 때, 짝수가 나올 확률은?",
      "type": "multipleChoice",
      "correctAnswer": "1/2",
      "options": ["1/2", "1/3", "2/3", "1/6"],
      "hint": "짝수는 2, 4, 6",
      "explanation": "P = 3/6 = 1/2",
      "difficulty": 1,
      "nextTailQuestionId": null,
      "recoveryProblemId": "prob_probstat_prob_003"
    }
  ]
}
