{"description":"고1(상) 복소수와 이차방정식 꼬리 질문","questions":[{"id":"tail_high1_complex_001_lv2","conceptNodeId":"concept_imaginary_unit","problemId":"prob_high1_complex_001","question":"i³의 값은?","type":"multipleChoice","correctAnswer":"-i","options":["-i","i","1","-1"],"hint":"i² = -1을 이용하세요","explanation":"i³ = i² × i = -1 × i = -i","difficulty":2,"nextTailQuestionId":"tail_high1_complex_001_lv1","recoveryProblemId":null},{"id":"tail_high1_complex_001_lv1","conceptNodeId":"concept_quad_formula","problemId":"prob_high1_complex_001","question":"x² - 4 = 0의 해는?","type":"multipleChoice","correctAnswer":"x = ±2","options":["x = ±2","x = 2","x = 4","x = ±4"],"hint":"√4 = 2","explanation":"x² = 4, x = ±2","difficulty":1,"nextTailQuestionId":null,"recoveryProblemId":"prob_high1_complex_001"},{"id":"tail_high1_complex_002_lv2","conceptNodeId":"concept_imaginary_unit","problemId":"prob_high1_complex_002","question":"i⁴의 값은?","type":"multipleChoice","correctAnswer":"1","options":["1","-1","i","-i"],"hint":"i⁴ = (i²)²","explanation":"i⁴ = (i²)² = (-1)² = 1","difficulty":2,"nextTailQuestionId":"tail_high1_complex_002_lv1","recoveryProblemId":null},{"id":"tail_high1_complex_002_lv1","conceptNodeId":"concept_quad_formula","problemId":"prob_high1_complex_002","question":"x² + 9 = 0에서 x² = ?","type":"multipleChoice","correctAnswer":"-9","options":["-9","9","3","-3"],"hint":"이항하세요","explanation":"x² = -9","difficulty":1,"nextTailQuestionId":null,"recoveryProblemId":"prob_high1_complex_002"},{"id":"tail_high1_complex_003_lv2","conceptNodeId":"concept_imaginary_unit","problemId":"prob_high1_complex_003","question":"i⁵의 값은?","type":"multipleChoice","correctAnswer":"i","options":["i","-i","1","-1"],"hint":"i⁵ = i⁴ × i","explanation":"i⁵ = i⁴ × i = 1 × i = i","difficulty":2,"nextTailQuestionId":"tail_high1_complex_003_lv1","recoveryProblemId":null},{"id":"tail_high1_complex_003_lv1","conceptNodeId":"concept_quad_formula","problemId":"prob_high1_complex_003","question":"b² - 4ac에서 a=1, b=2, c=5일 때 값은?","type":"multipleChoice","correctAnswer":"-16","options":["-16","16","4","-4"],"hint":"2² - 4(1)(5)","explanation":"4 - 20 = -16","difficulty":1,"nextTailQuestionId":null,"recoveryProblemId":"prob_high1_complex_003"}]}