{
  "description": "수2 미분계수와 도함수 꼬리 질문",
  "questions": [
    {
      "id": "tail_math2_deriv_001_lv2",
      "conceptNodeId": "concept_derivative_def",
      "problemId": "prob_math2_deriv_001",
      "question": "f(x) = x³일 때, f'(x) = ?",
      "type": "multipleChoice",
      "correctAnswer": "3x²",
      "options": ["3x²", "x²", "3x", "x³"],
      "hint": "(xⁿ)' = nxⁿ⁻¹",
      "explanation": "f'(x) = 3x³⁻¹ = 3x²",
      "difficulty": 2,
      "nextTailQuestionId": "tail_math2_deriv_001_lv1",
      "recoveryProblemId": null
    },
    {
      "id": "tail_math2_deriv_001_lv1",
      "conceptNodeId": "concept_slope",
      "problemId": "prob_math2_deriv_001",
      "question": "(0,0)과 (2,4)를 지나는 직선의 기울기는?",
      "type": "multipleChoice",
      "correctAnswer": "2",
      "options": ["2", "4", "1", "1/2"],
      "hint": "(y₂-y₁)/(x₂-x₁)",
      "explanation": "기울기 = (4-0)/(2-0) = 2",
      "difficulty": 1,
      "nextTailQuestionId": null,
      "recoveryProblemId": "prob_math2_deriv_001"
    },
    {
      "id": "tail_math2_deriv_002_lv2",
      "conceptNodeId": "concept_derivative_def",
      "problemId": "prob_math2_deriv_002",
      "question": "f(x) = x⁴일 때, f'(x) = ?",
      "type": "multipleChoice",
      "correctAnswer": "4x³",
      "options": ["4x³", "x³", "4x⁴", "x⁴"],
      "hint": "(xⁿ)' = nxⁿ⁻¹",
      "explanation": "f'(x) = 4x⁴⁻¹ = 4x³",
      "difficulty": 2,
      "nextTailQuestionId": "tail_math2_deriv_002_lv1",
      "recoveryProblemId": null
    },
    {
      "id": "tail_math2_deriv_002_lv1",
      "conceptNodeId": "concept_slope",
      "problemId": "prob_math2_deriv_002",
      "question": "(1,2)와 (3,6)을 지나는 직선의 기울기는?",
      "type": "multipleChoice",
      "correctAnswer": "2",
      "options": ["2", "4", "3", "1"],
      "hint": "(y₂-y₁)/(x₂-x₁)",
      "explanation": "기울기 = (6-2)/(3-1) = 4/2 = 2",
      "difficulty": 1,
      "nextTailQuestionId": null,
      "recoveryProblemId": "prob_math2_deriv_002"
    },
    {
      "id": "tail_math2_deriv_003_lv2",
      "conceptNodeId": "concept_derivative_def",
      "problemId": "prob_math2_deriv_003",
      "question": "f(x) = 2x²일 때, f'(x) = ?",
      "type": "multipleChoice",
      "correctAnswer": "4x",
      "options": ["4x", "2x", "2x²", "4x²"],
      "hint": "상수는 그대로, (xⁿ)' = nxⁿ⁻¹",
      "explanation": "f'(x) = 2·2x²⁻¹ = 4x",
      "difficulty": 2,
      "nextTailQuestionId": "tail_math2_deriv_003_lv1",
      "recoveryProblemId": null
    },
    {
      "id": "tail_math2_deriv_003_lv1",
      "conceptNodeId": "concept_slope",
      "problemId": "prob_math2_deriv_003",
      "question": "(0,1)과 (2,5)를 지나는 직선의 기울기는?",
      "type": "multipleChoice",
      "correctAnswer": "2",
      "options": ["2", "5", "4", "1"],
      "hint": "(y₂-y₁)/(x₂-x₁)",
      "explanation": "기울기 = (5-1)/(2-0) = 4/2 = 2",
      "difficulty": 1,
      "nextTailQuestionId": null,
      "recoveryProblemId": "prob_math2_deriv_003"
    }
  ]
}
