{
  "description": "수1 삼각함수 꼬리 질문",
  "questions": [
    {
      "id": "tail_math1_trig_001_lv2",
      "conceptNodeId": "concept_trig_value",
      "problemId": "prob_math1_trig_001",
      "question": "sin 90° = ?",
      "type": "multipleChoice",
      "correctAnswer": "1",
      "options": ["1", "0", "√3/2", "1/2"],
      "hint": "90도에서 sin의 값",
      "explanation": "sin 90° = 1",
      "difficulty": 2,
      "nextTailQuestionId": "tail_math1_trig_001_lv1",
      "recoveryProblemId": null
    },
    {
      "id": "tail_math1_trig_001_lv1",
      "conceptNodeId": "concept_right_triangle",
      "problemId": "prob_math1_trig_001",
      "question": "직각삼각형에서 sin θ = ?",
      "type": "multipleChoice",
      "correctAnswer": "대변/빗변",
      "options": ["대변/빗변", "밑변/빗변", "대변/밑변", "빗변/대변"],
      "hint": "사인의 정의",
      "explanation": "sin θ = 대변/빗변",
      "difficulty": 1,
      "nextTailQuestionId": null,
      "recoveryProblemId": "prob_math1_trig_001"
    },
    {
      "id": "tail_math1_trig_002_lv2",
      "conceptNodeId": "concept_trig_value",
      "problemId": "prob_math1_trig_002",
      "question": "cos 0° = ?",
      "type": "multipleChoice",
      "correctAnswer": "1",
      "options": ["1", "0", "1/2", "-1"],
      "hint": "0도에서 cos의 값",
      "explanation": "cos 0° = 1",
      "difficulty": 2,
      "nextTailQuestionId": "tail_math1_trig_002_lv1",
      "recoveryProblemId": null
    },
    {
      "id": "tail_math1_trig_002_lv1",
      "conceptNodeId": "concept_right_triangle",
      "problemId": "prob_math1_trig_002",
      "question": "직각삼각형에서 cos θ = ?",
      "type": "multipleChoice",
      "correctAnswer": "밑변/빗변",
      "options": ["밑변/빗변", "대변/빗변", "대변/밑변", "빗변/밑변"],
      "hint": "코사인의 정의",
      "explanation": "cos θ = 밑변/빗변",
      "difficulty": 1,
      "nextTailQuestionId": null,
      "recoveryProblemId": "prob_math1_trig_002"
    },
    {
      "id": "tail_math1_trig_003_lv2",
      "conceptNodeId": "concept_trig_value",
      "problemId": "prob_math1_trig_003",
      "question": "tan 45° = ?",
      "type": "multipleChoice",
      "correctAnswer": "1",
      "options": ["1", "√3", "1/√3", "0"],
      "hint": "45도에서 tan의 값",
      "explanation": "tan 45° = 1",
      "difficulty": 2,
      "nextTailQuestionId": "tail_math1_trig_003_lv1",
      "recoveryProblemId": null
    },
    {
      "id": "tail_math1_trig_003_lv1",
      "conceptNodeId": "concept_right_triangle",
      "problemId": "prob_math1_trig_003",
      "question": "직각삼각형에서 tan θ = ?",
      "type": "multipleChoice",
      "correctAnswer": "대변/밑변",
      "options": ["대변/밑변", "밑변/대변", "대변/빗변", "밑변/빗변"],
      "hint": "탄젠트의 정의",
      "explanation": "tan θ = 대변/밑변 = sin θ/cos θ",
      "difficulty": 1,
      "nextTailQuestionId": null,
      "recoveryProblemId": "prob_math1_trig_003"
    }
  ]
}
