{
  "description": "수1 수열 꼬리 질문",
  "questions": [
    {
      "id": "tail_math1_seq_001_lv2",
      "conceptNodeId": "concept_sequence_term",
      "problemId": "prob_math1_seq_001",
      "question": "첫째항이 3, 공차가 2인 등차수열의 제5항은?",
      "type": "multipleChoice",
      "correctAnswer": "11",
      "options": ["11", "13", "9", "15"],
      "hint": "a₅ = 3 + (5-1)×2",
      "explanation": "a₅ = 3 + 4×2 = 11",
      "difficulty": 2,
      "nextTailQuestionId": "tail_math1_seq_001_lv1",
      "recoveryProblemId": null
    },
    {
      "id": "tail_math1_seq_001_lv1",
      "conceptNodeId": "concept_sequence_def",
      "problemId": "prob_math1_seq_001",
      "question": "2, 4, 6, 8, ...에서 다음 항은?",
      "type": "multipleChoice",
      "correctAnswer": "10",
      "options": ["10", "12", "9", "8"],
      "hint": "2씩 증가합니다",
      "explanation": "2씩 증가하므로 8 + 2 = 10",
      "difficulty": 1,
      "nextTailQuestionId": null,
      "recoveryProblemId": "prob_math1_seq_001"
    },
    {
      "id": "tail_math1_seq_002_lv2",
      "conceptNodeId": "concept_sequence_term",
      "problemId": "prob_math1_seq_002",
      "question": "첫째항이 2, 공비가 3인 등비수열의 제4항은?",
      "type": "multipleChoice",
      "correctAnswer": "54",
      "options": ["54", "18", "162", "27"],
      "hint": "a₄ = 2 × 3³",
      "explanation": "a₄ = 2 × 3³ = 2 × 27 = 54",
      "difficulty": 2,
      "nextTailQuestionId": "tail_math1_seq_002_lv1",
      "recoveryProblemId": null
    },
    {
      "id": "tail_math1_seq_002_lv1",
      "conceptNodeId": "concept_sequence_def",
      "problemId": "prob_math1_seq_002",
      "question": "1, 2, 4, 8, ...에서 다음 항은?",
      "type": "multipleChoice",
      "correctAnswer": "16",
      "options": ["16", "12", "10", "32"],
      "hint": "2배씩 증가합니다",
      "explanation": "2배씩 증가하므로 8 × 2 = 16",
      "difficulty": 1,
      "nextTailQuestionId": null,
      "recoveryProblemId": "prob_math1_seq_002"
    },
    {
      "id": "tail_math1_seq_003_lv2",
      "conceptNodeId": "concept_sequence_term",
      "problemId": "prob_math1_seq_003",
      "question": "등차수열 5, 8, 11, 14, ...의 공차는?",
      "type": "multipleChoice",
      "correctAnswer": "3",
      "options": ["3", "5", "2", "4"],
      "hint": "이웃한 두 항의 차",
      "explanation": "8 - 5 = 3 (공차)",
      "difficulty": 2,
      "nextTailQuestionId": "tail_math1_seq_003_lv1",
      "recoveryProblemId": null
    },
    {
      "id": "tail_math1_seq_003_lv1",
      "conceptNodeId": "concept_sequence_def",
      "problemId": "prob_math1_seq_003",
      "question": "1, 3, 5, 7, ...에서 다음 항은?",
      "type": "multipleChoice",
      "correctAnswer": "9",
      "options": ["9", "8", "10", "11"],
      "hint": "2씩 증가합니다",
      "explanation": "2씩 증가하므로 7 + 2 = 9",
      "difficulty": 1,
      "nextTailQuestionId": null,
      "recoveryProblemId": "prob_math1_seq_003"
    }
  ]
}
