{"description":"고1(하) 순열과 조합 꼬리 질문","questions":[{"id":"tail_high1_perm_001_lv2","conceptNodeId":"concept_factorial","problemId":"prob_high1_perm_001","question":"4!의 값은?","type":"multipleChoice","correctAnswer":"24","options":["24","12","4","120"],"hint":"4×3×2×1","explanation":"4! = 4×3×2×1 = 24","difficulty":2,"nextTailQuestionId":"tail_high1_perm_001_lv1","recoveryProblemId":null},{"id":"tail_high1_perm_001_lv1","conceptNodeId":"concept_case_count","problemId":"prob_high1_perm_001","question":"동전 2개를 던질 때 나올 수 있는 경우의 수는?","type":"multipleChoice","correctAnswer":"4","options":["4","2","8","3"],"hint":"각 동전마다 2가지","explanation":"2×2 = 4가지 (HH,HT,TH,TT)","difficulty":1,"nextTailQuestionId":null,"recoveryProblemId":"prob_high1_perm_001"},{"id":"tail_high1_perm_002_lv2","conceptNodeId":"concept_factorial","problemId":"prob_high1_perm_002","question":"5!의 값은?","type":"multipleChoice","correctAnswer":"120","options":["120","24","60","5"],"hint":"5×4×3×2×1","explanation":"5! = 5×4×3×2×1 = 120","difficulty":2,"nextTailQuestionId":"tail_high1_perm_002_lv1","recoveryProblemId":null},{"id":"tail_high1_perm_002_lv1","conceptNodeId":"concept_case_count","problemId":"prob_high1_perm_002","question":"서로 다른 3개 중 1개를 선택하는 경우의 수는?","type":"multipleChoice","correctAnswer":"3","options":["3","1","6","9"],"hint":"선택할 수 있는 개수","explanation":"3가지","difficulty":1,"nextTailQuestionId":null,"recoveryProblemId":"prob_high1_perm_002"},{"id":"tail_high1_perm_003_lv2","conceptNodeId":"concept_factorial","problemId":"prob_high1_perm_003","question":"3!의 값은?","type":"multipleChoice","correctAnswer":"6","options":["6","3","9","12"],"hint":"3×2×1","explanation":"3! = 3×2×1 = 6","difficulty":2,"nextTailQuestionId":"tail_high1_perm_003_lv1","recoveryProblemId":null},{"id":"tail_high1_perm_003_lv1","conceptNodeId":"concept_case_count","problemId":"prob_high1_perm_003","question":"A,B,C 3명을 한 줄로 세우는 경우의 수는?","type":"multipleChoice","correctAnswer":"6","options":["6","3","9","1"],"hint":"3×2×1","explanation":"3! = 6가지","difficulty":1,"nextTailQuestionId":null,"recoveryProblemId":"prob_high1_perm_003"}]}