{"description":"고1(하) 유리함수와 무리함수 꼬리 질문","questions":[{"id":"tail_high1_rational_001_lv2","conceptNodeId":"concept_rational_expr","problemId":"prob_high1_rational_001","question":"y = (x+3)/(x-2)를 대분수 형태로 변형하면?","type":"multipleChoice","correctAnswer":"y = 1 + 5/(x-2)","options":["y = 1 + 5/(x-2)","y = 1 + 3/(x-2)","y = 5/(x-2)","y = x+3"],"hint":"분자를 (x-2)+5로 분리","explanation":"(x+3)/(x-2) = (x-2+5)/(x-2) = 1 + 5/(x-2)","difficulty":2,"nextTailQuestionId":"tail_high1_rational_001_lv1","recoveryProblemId":null},{"id":"tail_high1_rational_001_lv1","conceptNodeId":"concept_inverse_proportion","problemId":"prob_high1_rational_001","question":"y = 3/x의 그래프가 지나지 않는 점은?","type":"multipleChoice","correctAnswer":"(0,0)","options":["(0,0)","(1,3)","(3,1)","(-1,-3)"],"hint":"x=0일 때 정의되지 않음","explanation":"x=0에서 정의되지 않으므로 원점을 지나지 않음","difficulty":1,"nextTailQuestionId":null,"recoveryProblemId":"prob_high1_rational_001"},{"id":"tail_high1_rational_002_lv2","conceptNodeId":"concept_rational_expr","problemId":"prob_high1_rational_002","question":"y = (2x-1)/(x+1)를 대분수 형태로 변형하면?","type":"multipleChoice","correctAnswer":"y = 2 - 3/(x+1)","options":["y = 2 - 3/(x+1)","y = 2 + 3/(x+1)","y = -3/(x+1)","y = 2x-1"],"hint":"분자를 2(x+1)-3으로 분리","explanation":"(2x-1)/(x+1) = (2x+2-3)/(x+1) = 2 - 3/(x+1)","difficulty":2,"nextTailQuestionId":"tail_high1_rational_002_lv1","recoveryProblemId":null},{"id":"tail_high1_rational_002_lv1","conceptNodeId":"concept_inverse_proportion","problemId":"prob_high1_rational_002","question":"y = -2/x에서 x=2일 때 y는?","type":"multipleChoice","correctAnswer":"-1","options":["-1","1","-2","2"],"hint":"-2를 2로 나누세요","explanation":"y = -2/2 = -1","difficulty":1,"nextTailQuestionId":null,"recoveryProblemId":"prob_high1_rational_002"},{"id":"tail_high1_rational_003_lv2","conceptNodeId":"concept_rational_expr","problemId":"prob_high1_rational_003","question":"y = (x+5)/(x-1)를 대분수 형태로 변형하면?","type":"multipleChoice","correctAnswer":"y = 1 + 6/(x-1)","options":["y = 1 + 6/(x-1)","y = 1 + 5/(x-1)","y = 6/(x-1)","y = x+5"],"hint":"분자를 (x-1)+6으로 분리","explanation":"(x+5)/(x-1) = (x-1+6)/(x-1) = 1 + 6/(x-1)","difficulty":2,"nextTailQuestionId":"tail_high1_rational_003_lv1","recoveryProblemId":null},{"id":"tail_high1_rational_003_lv1","conceptNodeId":"concept_inverse_proportion","problemId":"prob_high1_rational_003","question":"y = 6/x의 그래프가 제1사분면에 있을 때 x와 y의 부호는?","type":"multipleChoice","correctAnswer":"둘 다 양수","options":["둘 다 양수","둘 다 음수","x 양수, y 음수","x 음수, y 양수"],"hint":"제1사분면은 x>0, y>0","explanation":"제1사분면: x>0, y>0","difficulty":1,"nextTailQuestionId":null,"recoveryProblemId":"prob_high1_rational_003"}]}