{"description":"고1(상) 이차방정식과 이차함수 꼬리 질문","questions":[{"id":"tail_high1_quadeqfn_001_lv2","conceptNodeId":"concept_quad_real_roots","problemId":"prob_high1_quadeqfn_001","question":"x²-5x+6=0의 해는?","type":"multipleChoice","correctAnswer":"x=2 또는 x=3","options":["x=2 또는 x=3","x=-2 또는 x=-3","x=1 또는 x=6","x=-1 또는 x=-6"],"hint":"인수분해하세요","explanation":"(x-2)(x-3)=0, x=2 또는 x=3","difficulty":2,"nextTailQuestionId":"tail_high1_quadeqfn_001_lv1","recoveryProblemId":null},{"id":"tail_high1_quadeqfn_001_lv1","conceptNodeId":"concept_vertex_axis","problemId":"prob_high1_quadeqfn_001","question":"y=(x-1)²의 꼭짓점은?","type":"multipleChoice","correctAnswer":"(1,0)","options":["(1,0)","(-1,0)","(0,1)","(0,-1)"],"hint":"y=a(x-p)²+q의 꼭짓점은 (p,q)","explanation":"꼭짓점: (1,0)","difficulty":1,"nextTailQuestionId":null,"recoveryProblemId":"prob_high1_quadeqfn_001"},{"id":"tail_high1_quadeqfn_002_lv2","conceptNodeId":"concept_quad_real_roots","problemId":"prob_high1_quadeqfn_002","question":"x²-4=0의 해는?","type":"multipleChoice","correctAnswer":"x=±2","options":["x=±2","x=2","x=4","x=±4"],"hint":"제곱근을 구하세요","explanation":"x²=4, x=±2","difficulty":2,"nextTailQuestionId":"tail_high1_quadeqfn_002_lv1","recoveryProblemId":null},{"id":"tail_high1_quadeqfn_002_lv1","conceptNodeId":"concept_vertex_axis","problemId":"prob_high1_quadeqfn_002","question":"y=x²-4의 축은?","type":"multipleChoice","correctAnswer":"x=0","options":["x=0","y=0","x=-4","x=4"],"hint":"이차함수의 축은 x=p 형태","explanation":"y=(x-0)²-4이므로 축은 x=0","difficulty":1,"nextTailQuestionId":null,"recoveryProblemId":"prob_high1_quadeqfn_002"},{"id":"tail_high1_quadeqfn_003_lv2","conceptNodeId":"concept_quad_real_roots","problemId":"prob_high1_quadeqfn_003","question":"x²+4x+4=0의 해는?","type":"multipleChoice","correctAnswer":"x=-2 (중근)","options":["x=-2 (중근)","x=2 (중근)","x=-2 또는 x=2","x=-4"],"hint":"완전제곱식입니다","explanation":"(x+2)²=0, x=-2","difficulty":2,"nextTailQuestionId":"tail_high1_quadeqfn_003_lv1","recoveryProblemId":null},{"id":"tail_high1_quadeqfn_003_lv1","conceptNodeId":"concept_vertex_axis","problemId":"prob_high1_quadeqfn_003","question":"y=(x+2)²의 꼭짓점은?","type":"multipleChoice","correctAnswer":"(-2,0)","options":["(-2,0)","(2,0)","(0,2)","(0,-2)"],"hint":"x=-2일 때 y=0","explanation":"꼭짓점: (-2,0)","difficulty":1,"nextTailQuestionId":null,"recoveryProblemId":"prob_high1_quadeqfn_003"}]}