{"description":"고1(하) 집합과 명제 꼬리 질문","questions":[{"id":"tail_high1_set_001_lv2","conceptNodeId":"concept_subset","problemId":"prob_high1_set_001","question":"A={1,2}, B={1,2,3}일 때 A⊂B인가?","type":"multipleChoice","correctAnswer":"예","options":["예","아니오","알 수 없음","정의되지 않음"],"hint":"A의 모든 원소가 B에 있나요?","explanation":"1,2 모두 B에 있으므로 A⊂B","difficulty":2,"nextTailQuestionId":"tail_high1_set_001_lv1","recoveryProblemId":null},{"id":"tail_high1_set_001_lv1","conceptNodeId":"concept_inequality_range","problemId":"prob_high1_set_001","question":"1≤x≤3에서 x의 값은 1,2,3 중 어떤 것들인가요?","type":"multipleChoice","correctAnswer":"1,2,3 모두","options":["1,2,3 모두","1,3만","2만","해당없음"],"hint":"≤는 등호를 포함합니다","explanation":"1,2,3 모두 포함","difficulty":1,"nextTailQuestionId":null,"recoveryProblemId":"prob_high1_set_001"},{"id":"tail_high1_set_002_lv2","conceptNodeId":"concept_subset","problemId":"prob_high1_set_002","question":"A={1,2,3}, B={2,3,4}일 때 A∩B는?","type":"multipleChoice","correctAnswer":"{2,3}","options":["{2,3}","{1,2,3,4}","{1,4}","공집합"],"hint":"교집합은 공통 원소","explanation":"A∩B = {2,3}","difficulty":2,"nextTailQuestionId":"tail_high1_set_002_lv1","recoveryProblemId":null},{"id":"tail_high1_set_002_lv1","conceptNodeId":"concept_inequality_range","problemId":"prob_high1_set_002","question":"1<x<4에서 정수 x의 값은?","type":"multipleChoice","correctAnswer":"2,3","options":["2,3","1,2,3,4","1,4","1,2,3"],"hint":"부등호는 경계값 제외","explanation":"x=2,3","difficulty":1,"nextTailQuestionId":null,"recoveryProblemId":"prob_high1_set_002"},{"id":"tail_high1_set_003_lv2","conceptNodeId":"concept_subset","problemId":"prob_high1_set_003","question":"A={1}, B={1,2}일 때 A∪B는?","type":"multipleChoice","correctAnswer":"{1,2}","options":["{1,2}","{1}","{2}","{1,1,2}"],"hint":"합집합은 모든 원소 (중복 제거)","explanation":"A∪B = {1,2}","difficulty":2,"nextTailQuestionId":"tail_high1_set_003_lv1","recoveryProblemId":null},{"id":"tail_high1_set_003_lv1","conceptNodeId":"concept_inequality_range","problemId":"prob_high1_set_003","question":"x≥2에서 2는 포함되나요?","type":"multipleChoice","correctAnswer":"예","options":["예","아니오","경우에 따라","정의되지 않음"],"hint":"≥는 등호 포함","explanation":"x=2 포함","difficulty":1,"nextTailQuestionId":null,"recoveryProblemId":"prob_high1_set_003"}]}