{
  "description": "수1 지수함수와 로그함수 꼬리 질문",
  "questions": [
    {
      "id": "tail_math1_expfunc_001_lv2",
      "conceptNodeId": "concept_exp_log_calc",
      "problemId": "prob_math1_expfunc_001",
      "question": "2³ = ?",
      "type": "multipleChoice",
      "correctAnswer": "8",
      "options": ["8", "6", "9", "16"],
      "hint": "2를 3번 곱하세요",
      "explanation": "2³ = 2×2×2 = 8",
      "difficulty": 2,
      "nextTailQuestionId": "tail_math1_expfunc_001_lv1",
      "recoveryProblemId": null
    },
    {
      "id": "tail_math1_expfunc_001_lv1",
      "conceptNodeId": "concept_exp_meaning",
      "problemId": "prob_math1_expfunc_001",
      "question": "5² = ?",
      "type": "multipleChoice",
      "correctAnswer": "25",
      "options": ["25", "10", "5", "15"],
      "hint": "5를 2번 곱하세요",
      "explanation": "5² = 5×5 = 25",
      "difficulty": 1,
      "nextTailQuestionId": null,
      "recoveryProblemId": "prob_math1_expfunc_001"
    },
    {
      "id": "tail_math1_expfunc_002_lv2",
      "conceptNodeId": "concept_exp_log_calc",
      "problemId": "prob_math1_expfunc_002",
      "question": "log₂ 16 = ?",
      "type": "multipleChoice",
      "correctAnswer": "4",
      "options": ["4", "8", "2", "16"],
      "hint": "2의 몇 제곱이 16인가요?",
      "explanation": "2⁴ = 16이므로 log₂ 16 = 4",
      "difficulty": 2,
      "nextTailQuestionId": "tail_math1_expfunc_002_lv1",
      "recoveryProblemId": null
    },
    {
      "id": "tail_math1_expfunc_002_lv1",
      "conceptNodeId": "concept_exp_meaning",
      "problemId": "prob_math1_expfunc_002",
      "question": "3³ = ?",
      "type": "multipleChoice",
      "correctAnswer": "27",
      "options": ["27", "9", "6", "12"],
      "hint": "3을 3번 곱하세요",
      "explanation": "3³ = 3×3×3 = 27",
      "difficulty": 1,
      "nextTailQuestionId": null,
      "recoveryProblemId": "prob_math1_expfunc_002"
    },
    {
      "id": "tail_math1_expfunc_003_lv2",
      "conceptNodeId": "concept_exp_log_calc",
      "problemId": "prob_math1_expfunc_003",
      "question": "3² × 3¹ = ?",
      "type": "multipleChoice",
      "correctAnswer": "3³",
      "options": ["3³", "3²", "9", "27"],
      "hint": "지수법칙을 사용하세요",
      "explanation": "3² × 3¹ = 3²⁺¹ = 3³",
      "difficulty": 2,
      "nextTailQuestionId": "tail_math1_expfunc_003_lv1",
      "recoveryProblemId": null
    },
    {
      "id": "tail_math1_expfunc_003_lv1",
      "conceptNodeId": "concept_exp_meaning",
      "problemId": "prob_math1_expfunc_003",
      "question": "4² = ?",
      "type": "multipleChoice",
      "correctAnswer": "16",
      "options": ["16", "8", "4", "12"],
      "hint": "4를 2번 곱하세요",
      "explanation": "4² = 4×4 = 16",
      "difficulty": 1,
      "nextTailQuestionId": null,
      "recoveryProblemId": "prob_math1_expfunc_003"
    }
  ]
}
