{
  "description": "중3 이차함수 꼬리 질문 데이터",
  "questions": [
    {"id": "tail_middle3_quadfn_001_lv2", "conceptNodeId": "concept_completing_square", "problemId": "prob_middle3_quadfn_001", "question": "x² + 4x + 4는 어떤 완전제곱식인가요?", "type": "multipleChoice", "correctAnswer": "(x+2)²", "options": ["(x+2)²", "(x+4)²", "(x-2)²", "x²+4"], "hint": "a² + 2ab + b² = (a+b)²", "explanation": "x² + 4x + 4 = (x+2)²", "difficulty": 2, "nextTailQuestionId": "tail_middle3_quadfn_001_lv1", "recoveryProblemId": null},
    {"id": "tail_middle3_quadfn_001_lv1", "conceptNodeId": "concept_translation", "problemId": "prob_middle3_quadfn_001", "question": "y = x²의 그래프를 x축 방향으로 2만큼 평행이동하면?", "type": "multipleChoice", "correctAnswer": "y = (x-2)²", "options": ["y = (x-2)²", "y = (x+2)²", "y = x²+2", "y = x²-2"], "hint": "오른쪽으로 p만큼: (x-p)", "explanation": "오른쪽 2만큼 이동: y = (x-2)²", "difficulty": 1, "nextTailQuestionId": null, "recoveryProblemId": "prob_middle3_quadfn_001"},
    {"id": "tail_middle3_quadfn_002_lv2", "conceptNodeId": "concept_completing_square", "problemId": "prob_middle3_quadfn_002", "question": "x² - 6x + 9는 어떤 완전제곱식인가요?", "type": "multipleChoice", "correctAnswer": "(x-3)²", "options": ["(x-3)²", "(x+3)²", "(x-6)²", "(x-9)²"], "hint": "a² - 2ab + b² = (a-b)²", "explanation": "x² - 6x + 9 = (x-3)²", "difficulty": 2, "nextTailQuestionId": "tail_middle3_quadfn_002_lv1", "recoveryProblemId": null},
    {"id": "tail_middle3_quadfn_002_lv1", "conceptNodeId": "concept_translation", "problemId": "prob_middle3_quadfn_002", "question": "y = x²의 그래프를 y축 방향으로 -2만큼 평행이동하면?", "type": "multipleChoice", "correctAnswer": "y = x² - 2", "options": ["y = x² - 2", "y = x² + 2", "y = (x-2)²", "y = (x+2)²"], "hint": "y축 방향 이동은 상수항 변화", "explanation": "아래로 2만큼 이동: y = x² - 2", "difficulty": 1, "nextTailQuestionId": null, "recoveryProblemId": "prob_middle3_quadfn_002"},
    {"id": "tail_middle3_quadfn_003_lv2", "conceptNodeId": "concept_completing_square", "problemId": "prob_middle3_quadfn_003", "question": "x² + 2x + 1은 어떤 완전제곱식인가요?", "type": "multipleChoice", "correctAnswer": "(x+1)²", "options": ["(x+1)²", "(x-1)²", "(x+2)²", "x²+1"], "hint": "a² + 2ab + b² = (a+b)²", "explanation": "x² + 2x + 1 = (x+1)²", "difficulty": 2, "nextTailQuestionId": "tail_middle3_quadfn_003_lv1", "recoveryProblemId": null},
    {"id": "tail_middle3_quadfn_003_lv1", "conceptNodeId": "concept_translation", "problemId": "prob_middle3_quadfn_003", "question": "점 (2, 3)을 x축 방향으로 1만큼 평행이동하면?", "type": "multipleChoice", "correctAnswer": "(3, 3)", "options": ["(3, 3)", "(1, 3)", "(2, 4)", "(2, 2)"], "hint": "x좌표에 1을 더하세요", "explanation": "(2+1, 3) = (3, 3)", "difficulty": 1, "nextTailQuestionId": null, "recoveryProblemId": "prob_middle3_quadfn_003"}
  ]
}
